date,"Daily minimum temperatures in Melbourne, Australia, 1981-1990"
1/1/1981,20.7
1/2/1981,17.9
1/3/1981,18.8
1/4/1981,14.6
1/5/1981,15.8
1/6/1981,15.8
1/7/1981,15.8
1/8/1981,17.4
1/9/1981,21.8
1/10/1981,20
1/11/1981,16.2
1/12/1981,13.3
1/13/1981,16.7
1/14/1981,21.5
1/15/1981,25
1/16/1981,20.7
1/17/1981,20.6
1/18/1981,24.8
1/19/1981,17.7
1/20/1981,15.5
1/21/1981,18.2
1/22/1981,12.1
1/23/1981,14.4
1/24/1981,16
1/25/1981,16.5
1/26/1981,18.7
1/27/1981,19.4
1/28/1981,17.2
1/29/1981,15.5
1/30/1981,15.1
1/31/1981,15.4
2/1/1981,15.3
2/2/1981,18.8
2/3/1981,16.75965909
2/4/1981,16.7059492
2/5/1981,16.6522393
2/6/1981,16.59852941
2/7/1981,16.54481952
2/8/1981,16.49110963
2/9/1981,16.43739973
2/10/1981,16.38368984
2/11/1981,16.32997995
2/12/1981,16.27627005
2/13/1981,16.22256016
2/14/1981,16.16885027
2/15/1981,16.11514037
2/16/1981,16.06143048
2/17/1981,16.00772059
2/18/1981,15.9540107
2/19/1981,15.9003008
2/20/1981,15.84659091
2/21/1981,15.79288102
2/22/1981,15.73917112
2/23/1981,15.68546123
2/24/1981,15.63175134
2/25/1981,15.57804144
2/26/1981,15.52433155
2/27/1981,15.47062166
2/28/1981,15.41691176
3/1/1981,15.36320187
3/2/1981,15.30949198
3/3/1981,15.25578209
3/4/1981,15.20207219
3/5/1981,15.1483623
3/6/1981,15.09465241
3/7/1981,15.04094251
3/8/1981,14.98723262
3/9/1981,14.93352273
3/10/1981,14.87981283
3/11/1981,14.82610294
3/12/1981,14.77239305
3/13/1981,14.71868316
3/14/1981,14.66497326
3/15/1981,14.61126337
3/16/1981,14.55755348
3/17/1981,14.50384358
3/18/1981,14.45013369
3/19/1981,14.3964238
3/20/1981,14.3427139
3/21/1981,14.28900401
3/22/1981,14.23529412
3/23/1981,14.18158422
3/24/1981,14.12787433
3/25/1981,14.07416444
3/26/1981,14.02045455
3/27/1981,13.96674465
3/28/1981,13.91303476
3/29/1981,13.85932487
3/30/1981,13.80561497
3/31/1981,13.75190508
4/1/1981,13.69819519
4/2/1981,13.64448529
4/3/1981,13.5907754
4/4/1981,13.53706551
4/5/1981,13.48335561
4/6/1981,13.42964572
4/7/1981,13.37593583
4/8/1981,13.32222594
4/9/1981,13.26851604
4/10/1981,13.21480615
4/11/1981,13.16109626
4/12/1981,13.10738636
4/13/1981,13.05367647
4/14/1981,12.99996658
4/15/1981,12.94625668
4/16/1981,12.89254679
4/17/1981,12.8388369
4/18/1981,12.78512701
4/19/1981,12.73141711
4/20/1981,12.67770722
4/21/1981,12.62399733
4/22/1981,12.57028743
4/23/1981,12.51657754
4/24/1981,12.46286765
4/25/1981,12.40915775
4/26/1981,12.35544786
4/27/1981,12.30173797
4/28/1981,12.24802807
4/29/1981,12.19431818
4/30/1981,12.14060829
5/1/1981,12.0868984
5/2/1981,12.0331885
5/3/1981,11.97947861
5/4/1981,11.92576872
5/5/1981,11.87205882
5/6/1981,11.81834893
5/7/1981,11.76463904
5/8/1981,11.71092914
5/9/1981,11.65721925
5/10/1981,11.60350936
5/11/1981,11.54979947
5/12/1981,11.49608957
5/13/1981,11.44237968
5/14/1981,11.38866979
5/15/1981,11.33495989
5/16/1981,11.28125
5/17/1981,11.22754011
5/18/1981,11.17383021
5/19/1981,11.12012032
5/20/1981,11.06641043
5/21/1981,11.01270053
5/22/1981,10.95899064
5/23/1981,10.90528075
5/24/1981,10.85157086
5/25/1981,10.79786096
5/26/1981,10.74415107
5/27/1981,10.69044118
5/28/1981,10.63673128
5/29/1981,10.58302139
5/30/1981,10.5293115
5/31/1981,10.4756016
6/1/1981,10.42189171
6/2/1981,10.36818182
6/3/1981,10.31447193
6/4/1981,10.26076203
6/5/1981,10.20705214
6/6/1981,10.15334225
6/7/1981,10.09963235
6/8/1981,10.04592246
6/9/1981,9.992212567
6/10/1981,9.938502674
6/11/1981,9.884792781
6/12/1981,9.831082888
6/13/1981,9.777372995
6/14/1981,9.723663102
6/15/1981,9.669953209
6/16/1981,9.616243316
6/17/1981,9.562533422
6/18/1981,9.508823529
6/19/1981,9.455113636
6/20/1981,9.401403743
6/21/1981,9.34769385
6/22/1981,9.293983957
6/23/1981,9.240274064
6/24/1981,9.186564171
6/25/1981,9.132854278
6/26/1981,9.079144385
6/27/1981,9.025434492
6/28/1981,8.971724599
6/29/1981,8.918014706
6/30/1981,8.864304813
7/1/1981,8.81059492
7/2/1981,8.756885027
7/3/1981,8.703175134
7/4/1981,8.649465241
7/5/1981,8.595755348
7/6/1981,8.542045455
7/7/1981,8.488335561
7/8/1981,8.434625668
7/9/1981,8.380915775
7/10/1981,8.327205882
7/11/1981,8.273495989
7/12/1981,8.219786096
7/13/1981,8.166076203
7/14/1981,8.11236631
7/15/1981,8.058656417
7/16/1981,8.004946524
7/17/1981,7.951236631
7/18/1981,7.897526738
7/19/1981,7.843816845
7/20/1981,7.790106952
7/21/1981,7.736397059
7/22/1981,7.682687166
7/23/1981,7.628977273
7/24/1981,7.57526738
7/25/1981,7.521557487
7/26/1981,7.467847594
7/27/1981,7.414137701
7/28/1981,7.360427807
7/29/1981,7.306717914
7/30/1981,7.253008021
7/31/1981,7.199298128
8/1/1981,7.145588235
8/2/1981,7.091878342
8/3/1981,7.038168449
8/4/1981,6.984458556
8/5/1981,6.930748663
8/6/1981,6.87703877
8/7/1981,6.823328877
8/8/1981,6.769618984
8/9/1981,6.715909091
8/10/1981,6.662199198
8/11/1981,6.608489305
8/12/1981,6.554779412
8/13/1981,6.501069519
8/14/1981,6.447359626
8/15/1981,6.393649733
8/16/1981,6.33993984
8/17/1981,6.286229947
8/18/1981,6.232520053
8/19/1981,6.17881016
8/20/1981,6.125100267
8/21/1981,6.071390374
8/22/1981,6.017680481
8/23/1981,5.963970588
8/24/1981,5.910260695
8/25/1981,5.856550802
8/26/1981,5.802840909
8/27/1981,5.749131016
8/28/1981,5.695421123
8/29/1981,5.64171123
8/30/1981,5.588001337
8/31/1981,5.534291444
9/1/1981,5.480581551
9/2/1981,5.426871658
9/3/1981,5.373161765
9/4/1981,5.319451872
9/5/1981,5.265741979
9/6/1981,5.212032086
9/7/1981,5.158322193
9/8/1981,5.104612299
9/9/1981,5.050902406
9/10/1981,4.997192513
9/11/1981,4.94348262
9/12/1981,4.889772727
9/13/1981,4.836062834
9/14/1981,4.782352941
9/15/1981,4.728643048
9/16/1981,4.674933155
9/17/1981,4.621223262
9/18/1981,4.567513369
9/19/1981,4.513803476
9/20/1981,4.460093583
9/21/1981,4.40638369
9/22/1981,4.352673797
9/23/1981,4.298963904
9/24/1981,4.245254011
9/25/1981,4.191544118
9/26/1981,4.137834225
9/27/1981,4.084124332
9/28/1981,4.030414439
9/29/1981,3.976704545
9/30/1981,3.922994652
10/1/1981,3.869284759
10/2/1981,3.815574866
10/3/1981,3.761864973
10/4/1981,3.70815508
10/5/1981,3.654445187
10/6/1981,3.600735294
10/7/1981,3.547025401
10/8/1981,3.493315508
10/9/1981,3.439605615
10/10/1981,3.385895722
10/11/1981,3.332185829
10/12/1981,3.278475936
10/13/1981,3.224766043
10/14/1981,3.17105615
10/15/1981,3.117346257
10/16/1981,3.063636364
10/17/1981,3.009926471
10/18/1981,2.956216578
10/19/1981,2.902506684
10/20/1981,2.848796791
10/21/1981,2.795086898
10/22/1981,2.741377005
10/23/1981,2.687667112
10/24/1981,2.633957219
10/25/1981,2.580247326
10/26/1981,2.526537433
10/27/1981,2.47282754
10/28/1981,2.419117647
10/29/1981,2.365407754
10/30/1981,2.311697861
10/31/1981,2.257987968
11/1/1981,2.204278075
11/2/1981,2.150568182
11/3/1981,2.096858289
11/4/1981,2.043148396
11/5/1981,1.989438503
11/6/1981,1.93572861
11/7/1981,1.882018717
11/8/1981,1.828308824
11/9/1981,1.77459893
11/10/1981,1.720889037
11/11/1981,1.667179144
11/12/1981,1.613469251
11/13/1981,1.559759358
11/14/1981,1.506049465
11/15/1981,1.452339572
11/16/1981,1.398629679
11/17/1981,1.344919786
11/18/1981,1.291209893
11/19/1981,1.2375
11/20/1981,1.183790107
11/21/1981,1.130080214
11/22/1981,1.076370321
11/23/1981,1.022660428
11/24/1981,0.968950535
11/25/1981,0.915240642
11/26/1981,0.861530749
11/27/1981,0.807820856
11/28/1981,0.754110963
11/29/1981,0.70040107
11/30/1981,0.646691176
12/1/1981,0.592981283
12/2/1981,0.53927139
12/3/1981,0.485561497
12/4/1981,0.431851604
12/5/1981,0.378141711
12/6/1981,0.324431818
12/7/1981,0.270721925
12/8/1981,0.217012032
12/9/1981,0.163302139
12/10/1981,0.109592246
12/11/1981,0.055882353
12/12/1981,0.00217246
12/13/1981,-0.051537433
12/14/1981,-0.105247326
12/15/1981,-0.158957219
12/16/1981,-0.212667112
12/17/1981,-0.266377005
12/18/1981,-0.320086898
12/19/1981,-0.373796791
12/20/1981,-0.427506684
12/21/1981,-0.481216578
12/22/1981,-0.534926471
12/23/1981,-0.588636364
12/24/1981,-0.642346257
12/25/1981,-0.69605615
12/26/1981,-0.749766043
12/27/1981,-0.803475936
12/28/1981,-0.857185829
12/29/1981,-0.910895722
12/30/1981,-0.964605615
12/31/1981,-1.018315508
1/1/1982,-1.072025401
1/2/1982,-1.125735294
1/3/1982,-1.179445187
1/4/1982,-1.23315508
1/5/1982,-1.286864973
1/6/1982,-1.340574866
1/7/1982,-1.394284759
1/8/1982,-1.447994652
1/9/1982,-1.501704545
1/10/1982,-1.555414439
1/11/1982,-1.609124332
1/12/1982,-1.662834225
1/13/1982,-1.716544118
1/14/1982,-1.770254011
1/15/1982,-1.823963904
1/16/1982,-1.877673797
1/17/1982,-1.93138369
1/18/1982,-1.985093583
1/19/1982,-2.038803476
1/20/1982,-2.092513369
1/21/1982,-2.146223262
1/22/1982,-2.199933155
1/23/1982,-2.253643048
1/24/1982,-2.307352941
1/25/1982,-2.361062834
1/26/1982,-2.414772727
1/27/1982,-2.46848262
1/28/1982,-2.522192513
1/29/1982,-2.575902406
1/30/1982,-2.629612299
1/31/1982,-2.683322193
2/1/1982,-2.737032086
2/2/1982,-2.790741979
2/3/1982,-2.844451872
2/4/1982,-2.898161765
2/5/1982,-2.951871658
2/6/1982,-3.005581551
2/7/1982,-3.059291444
2/8/1982,-3.113001337
2/9/1982,-3.16671123
2/10/1982,-3.220421123
2/11/1982,-3.274131016
2/12/1982,-3.327840909
2/13/1982,-3.381550802
2/14/1982,-3.435260695
2/15/1982,-3.488970588
2/16/1982,-3.542680481
2/17/1982,-3.596390374
2/18/1982,-3.650100267
2/19/1982,-3.70381016
2/20/1982,-3.757520053
2/21/1982,-3.811229947
2/22/1982,-3.86493984
2/23/1982,-3.918649733
2/24/1982,-3.972359626
2/25/1982,-4.026069519
2/26/1982,-4.079779412
2/27/1982,-4.133489305
2/28/1982,-4.187199198
3/1/1982,-4.240909091
3/2/1982,-4.294618984
3/3/1982,-4.348328877
3/4/1982,-4.40203877
3/5/1982,-4.455748663
3/6/1982,-4.509458556
3/7/1982,-4.563168449
3/8/1982,-4.616878342
3/9/1982,-4.670588235
3/10/1982,-4.724298128
3/11/1982,-4.778008021
3/12/1982,-4.831717914
3/13/1982,-4.885427807
3/14/1982,-4.939137701
3/15/1982,-4.992847594
3/16/1982,-5.046557487
3/17/1982,-5.10026738
3/18/1982,-5.153977273
3/19/1982,-5.207687166
3/20/1982,-5.261397059
3/21/1982,-5.315106952
3/22/1982,-5.368816845
3/23/1982,-5.422526738
3/24/1982,-5.476236631
3/25/1982,-5.529946524
3/26/1982,-5.583656417
3/27/1982,-5.63736631
3/28/1982,-5.691076203
3/29/1982,-5.744786096
3/30/1982,-5.798495989
3/31/1982,-5.852205882
4/1/1982,-5.905915775
4/2/1982,-5.959625668
4/3/1982,-6.013335561
4/4/1982,-6.067045455
4/5/1982,-6.120755348
4/6/1982,-6.174465241
4/7/1982,-6.228175134
4/8/1982,-6.281885027
4/9/1982,-6.33559492
4/10/1982,-6.389304813
4/11/1982,-6.443014706
4/12/1982,-6.496724599
4/13/1982,-6.550434492
4/14/1982,-6.604144385
4/15/1982,-6.657854278
4/16/1982,-6.711564171
4/17/1982,-6.765274064
4/18/1982,-6.818983957
4/19/1982,-6.87269385
4/20/1982,-6.926403743
4/21/1982,-6.980113636
4/22/1982,-7.033823529
4/23/1982,-7.087533422
4/24/1982,-7.141243316
4/25/1982,-7.194953209
4/26/1982,-7.248663102
4/27/1982,-7.302372995
4/28/1982,-7.356082888
4/29/1982,-7.409792781
4/30/1982,-7.463502674
5/1/1982,-7.517212567
5/2/1982,-7.57092246
5/3/1982,-7.624632353
5/4/1982,-7.678342246
5/5/1982,-7.732052139
5/6/1982,-7.785762032
5/7/1982,-7.839471925
5/8/1982,-7.893181818
5/9/1982,-7.946891711
5/10/1982,-8.000601604
5/11/1982,-8.054311497
5/12/1982,-8.10802139
5/13/1982,-8.161731283
5/14/1982,-8.215441176
5/15/1982,-8.26915107
5/16/1982,-8.322860963
5/17/1982,-8.376570856
5/18/1982,-8.430280749
5/19/1982,-8.483990642
5/20/1982,-8.537700535
5/21/1982,-8.591410428
5/22/1982,-8.645120321
5/23/1982,-8.698830214
5/24/1982,-8.752540107
5/25/1982,-8.80625
5/26/1982,-8.859959893
5/27/1982,-8.913669786
5/28/1982,-8.967379679
5/29/1982,-9.021089572
5/30/1982,-9.074799465
5/31/1982,-9.128509358
6/1/1982,-9.182219251
6/2/1982,-9.235929144
6/3/1982,-9.289639037
6/4/1982,-9.34334893
6/5/1982,-9.397058824
6/6/1982,-9.450768717
6/7/1982,-9.50447861
6/8/1982,-9.558188503
6/9/1982,-9.611898396
6/10/1982,-9.665608289
6/11/1982,-9.719318182
6/12/1982,-9.773028075
6/13/1982,-9.826737968
6/14/1982,-9.880447861
6/15/1982,-9.934157754
6/16/1982,-9.987867647
6/17/1982,-10.04157754
6/18/1982,-10.09528743
6/19/1982,-10.14899733
6/20/1982,-10.20270722
6/21/1982,-10.25641711
6/22/1982,-10.31012701
6/23/1982,-10.3638369
6/24/1982,-10.41754679
6/25/1982,-10.47125668
6/26/1982,-10.52496658
6/27/1982,-10.57867647
6/28/1982,-10.63238636
6/29/1982,-10.68609626
6/30/1982,-10.73980615
7/1/1982,-10.79351604
7/2/1982,-10.84722594
7/3/1982,-10.90093583
7/4/1982,-10.95464572
7/5/1982,-11.00835561
7/6/1982,-11.06206551
7/7/1982,-11.1157754
7/8/1982,-11.16948529
7/9/1982,-11.22319519
7/10/1982,-11.27690508
7/11/1982,-11.33061497
7/12/1982,-11.38432487
7/13/1982,-11.43803476
7/14/1982,-11.49174465
7/15/1982,-11.54545455
7/16/1982,-11.59916444
7/17/1982,-11.65287433
7/18/1982,-11.70658422
7/19/1982,-11.76029412
7/20/1982,-11.81400401
7/21/1982,-11.8677139
7/22/1982,-11.9214238
7/23/1982,-11.97513369
7/24/1982,-12.02884358
7/25/1982,-12.08255348
7/26/1982,-12.13626337
7/27/1982,-12.18997326
7/28/1982,-12.24368316
7/29/1982,-12.29739305
7/30/1982,-12.35110294
7/31/1982,-12.40481283
8/1/1982,-12.45852273
8/2/1982,-12.51223262
8/3/1982,-12.56594251
8/4/1982,-12.61965241
8/5/1982,-12.6733623
8/6/1982,-12.72707219
8/7/1982,-12.78078209
8/8/1982,-12.83449198
8/9/1982,-12.88820187
8/10/1982,-12.94191176
8/11/1982,-12.99562166
8/12/1982,-13.04933155
8/13/1982,-13.10304144
8/14/1982,-13.15675134
8/15/1982,-13.21046123
8/16/1982,-13.26417112
8/17/1982,-13.31788102
8/18/1982,-13.37159091
8/19/1982,-13.4253008
8/20/1982,-13.4790107
8/21/1982,-13.53272059
8/22/1982,-13.58643048
8/23/1982,-13.64014037
8/24/1982,-13.69385027
8/25/1982,-13.74756016
8/26/1982,-13.80127005
8/27/1982,-13.85497995
8/28/1982,-13.90868984
8/29/1982,-13.96239973
8/30/1982,-14.01610963
8/31/1982,-14.06981952
9/1/1982,-14.12352941
9/2/1982,-14.1772393
9/3/1982,-14.2309492
9/4/1982,-14.28465909
9/5/1982,-14.33836898
9/6/1982,-14.39207888
9/7/1982,-14.44578877
9/8/1982,-14.49949866
9/9/1982,-14.55320856
9/10/1982,-14.60691845
9/11/1982,-14.66062834
9/12/1982,-14.71433824
9/13/1982,-14.76804813
9/14/1982,-14.82175802
9/15/1982,-14.87546791
9/16/1982,-14.92917781
9/17/1982,-14.9828877
9/18/1982,-15.03659759
9/19/1982,-15.09030749
9/20/1982,-15.14401738
9/21/1982,-15.19772727
9/22/1982,-15.25143717
9/23/1982,-15.30514706
9/24/1982,-15.35885695
9/25/1982,-15.41256684
9/26/1982,-15.46627674
9/27/1982,-15.51998663
9/28/1982,-15.57369652
9/29/1982,-15.62740642
9/30/1982,-15.68111631
10/1/1982,-15.7348262
10/2/1982,-15.7885361
10/3/1982,-15.84224599
10/4/1982,-15.89595588
10/5/1982,-15.94966578
10/6/1982,-16.00337567
10/7/1982,-16.05708556
10/8/1982,-16.11079545
10/9/1982,-16.16450535
10/10/1982,-16.21821524
10/11/1982,-16.27192513
10/12/1982,-16.32563503
10/13/1982,-16.37934492
10/14/1982,-16.43305481
10/15/1982,-16.48676471
10/16/1982,-16.5404746
10/17/1982,-16.59418449
10/18/1982,-16.64789439
10/19/1982,-16.70160428
10/20/1982,-16.75531417
10/21/1982,-16.80902406
10/22/1982,-16.86273396
10/23/1982,-16.91644385
10/24/1982,-16.97015374
10/25/1982,-17.02386364
10/26/1982,-17.07757353
10/27/1982,-17.13128342
10/28/1982,-17.18499332
10/29/1982,-17.23870321
10/30/1982,-17.2924131
10/31/1982,-17.34612299
11/1/1982,-17.39983289
11/2/1982,-17.45354278
11/3/1982,-17.50725267
11/4/1982,-17.56096257
11/5/1982,-17.61467246
11/6/1982,-17.66838235
11/7/1982,-17.72209225
11/8/1982,-17.77580214
11/9/1982,-17.82951203
11/10/1982,-17.88322193
11/11/1982,-17.93693182
11/12/1982,-17.99064171
11/13/1982,-18.0443516
11/14/1982,-18.0980615
11/15/1982,-18.15177139
11/16/1982,-18.20548128
11/17/1982,-18.25919118
11/18/1982,-18.31290107
11/19/1982,-18.36661096
11/20/1982,-18.42032086
11/21/1982,-18.47403075
11/22/1982,-18.52774064
11/23/1982,-18.58145053
11/24/1982,-18.63516043
11/25/1982,-18.68887032
11/26/1982,-18.74258021
11/27/1982,-18.79629011
11/28/1982,-18.85
11/29/1982,-18.90370989
11/30/1982,-18.95741979
12/1/1982,-19.01112968
12/2/1982,-19.06483957
12/3/1982,-19.11854947
12/4/1982,-19.17225936
12/5/1982,-19.22596925
12/6/1982,-19.27967914
12/7/1982,-19.33338904
12/8/1982,-19.38709893
12/9/1982,-19.44080882
12/10/1982,-19.49451872
12/11/1982,-19.54822861
12/12/1982,-19.6019385
12/13/1982,-19.6556484
12/14/1982,-19.70935829
12/15/1982,-19.76306818
12/16/1982,-19.81677807
12/17/1982,-19.87048797
12/18/1982,-19.92419786
12/19/1982,-19.97790775
12/20/1982,-20.03161765
12/21/1982,-20.08532754
12/22/1982,-20.13903743
12/23/1982,-20.19274733
12/24/1982,-20.24645722
12/25/1982,-20.30016711
12/26/1982,-20.35387701
12/27/1982,-20.4075869
12/28/1982,-20.46129679
12/29/1982,-20.51500668
12/30/1982,-20.56871658
12/31/1982,-20.62242647
1/1/1983,-20.67613636
1/2/1983,-20.72984626
1/3/1983,-20.78355615
1/4/1983,-20.83726604
1/5/1983,-20.89097594
1/6/1983,-20.94468583
1/7/1983,-20.99839572
1/8/1983,-21.05210561
1/9/1983,-21.10581551
1/10/1983,-21.1595254
1/11/1983,-21.21323529
1/12/1983,-21.26694519
1/13/1983,-21.32065508
1/14/1983,-21.37436497
1/15/1983,-21.42807487
1/16/1983,-21.48178476
1/17/1983,-21.53549465
1/18/1983,-21.58920455
1/19/1983,-21.64291444
1/20/1983,-21.69662433
1/21/1983,-21.75033422
1/22/1983,-21.80404412
1/23/1983,-21.85775401
1/24/1983,-21.9114639
1/25/1983,-21.9651738
1/26/1983,-22.01888369
1/27/1983,-22.07259358
1/28/1983,-22.12630348
1/29/1983,-22.18001337
1/30/1983,-22.23372326
1/31/1983,-22.28743316
2/1/1983,-22.34114305
2/2/1983,-22.39485294
2/3/1983,-22.44856283
2/4/1983,-22.50227273
2/5/1983,-22.55598262
2/6/1983,-22.60969251
2/7/1983,-22.66340241
2/8/1983,-22.7171123
2/9/1983,-22.77082219
2/10/1983,-22.82453209
2/11/1983,-22.87824198
2/12/1983,-22.93195187
2/13/1983,-22.98566176
2/14/1983,-23.03937166
2/15/1983,-23.09308155
2/16/1983,-23.14679144
2/17/1983,-23.20050134
2/18/1983,-23.25421123
2/19/1983,-23.30792112
2/20/1983,-23.36163102
2/21/1983,-23.41534091
2/22/1983,-23.4690508
2/23/1983,-23.5227607
2/24/1983,-23.57647059
2/25/1983,-23.63018048
2/26/1983,-23.68389037
2/27/1983,-23.73760027
2/28/1983,-23.79131016
3/1/1983,-23.84502005
3/2/1983,-23.89872995
3/3/1983,-23.95243984
3/4/1983,-24.00614973
3/5/1983,-24.05985963
3/6/1983,-24.11356952
3/7/1983,-24.16727941
3/8/1983,-24.2209893
3/9/1983,-24.2746992
3/10/1983,-24.32840909
3/11/1983,-24.38211898
3/12/1983,-24.43582888
3/13/1983,-24.48953877
3/14/1983,-24.54324866
3/15/1983,-24.59695856
3/16/1983,-24.65066845
3/17/1983,-24.70437834
3/18/1983,-24.75808824
3/19/1983,-24.81179813
3/20/1983,-24.86550802
3/21/1983,-24.91921791
3/22/1983,-24.97292781
3/23/1983,-25.0266377
3/24/1983,-25.08034759
3/25/1983,-25.13405749
3/26/1983,-25.18776738
3/27/1983,-25.24147727
3/28/1983,-25.29518717
3/29/1983,-25.34889706
3/30/1983,-25.40260695
3/31/1983,-25.45631684
4/1/1983,-25.51002674
4/2/1983,-25.56373663
4/3/1983,-25.61744652
4/4/1983,-25.67115642
4/5/1983,-25.72486631
4/6/1983,-25.7785762
4/7/1983,-25.8322861
4/8/1983,-25.88599599
4/9/1983,-25.93970588
4/10/1983,-25.99341578
4/11/1983,-26.04712567
4/12/1983,-26.10083556
4/13/1983,-26.15454545
4/14/1983,-26.20825535
4/15/1983,-26.26196524
4/16/1983,-26.31567513
4/17/1983,-26.36938503
4/18/1983,-26.42309492
4/19/1983,-26.47680481
4/20/1983,-26.53051471
4/21/1983,-26.5842246
4/22/1983,-26.63793449
4/23/1983,-26.69164439
4/24/1983,-26.74535428
4/25/1983,-26.79906417
4/26/1983,-26.85277406
4/27/1983,-26.90648396
4/28/1983,-26.96019385
4/29/1983,-27.01390374
4/30/1983,-27.06761364
5/1/1983,-27.12132353
5/2/1983,-27.17503342
5/3/1983,-27.22874332
5/4/1983,-27.28245321
5/5/1983,-27.3361631
5/6/1983,-27.38987299
5/7/1983,-27.44358289
5/8/1983,-27.49729278
5/9/1983,-27.55100267
5/10/1983,-27.60471257
5/11/1983,-27.65842246
5/12/1983,-27.71213235
5/13/1983,-27.76584225
5/14/1983,-27.81955214
5/15/1983,-27.87326203
5/16/1983,-27.92697193
5/17/1983,-27.98068182
5/18/1983,-28.03439171
5/19/1983,-28.0881016
5/20/1983,-28.1418115
5/21/1983,-28.19552139
5/22/1983,-28.24923128
5/23/1983,-28.30294118
5/24/1983,-28.35665107
5/25/1983,-28.41036096
5/26/1983,-28.46407086
5/27/1983,-28.51778075
5/28/1983,-28.57149064
5/29/1983,-28.62520053
5/30/1983,-28.67891043
5/31/1983,-28.73262032
6/1/1983,-28.78633021
6/2/1983,-28.84004011
6/3/1983,-28.89375
6/4/1983,-28.94745989
6/5/1983,-29.00116979
6/6/1983,-29.05487968
6/7/1983,-29.10858957
6/8/1983,-29.16229947
6/9/1983,-29.21600936
6/10/1983,-29.26971925
6/11/1983,-29.32342914
6/12/1983,-29.37713904
6/13/1983,-29.43084893
6/14/1983,-29.48455882
6/15/1983,-29.53826872
6/16/1983,-29.59197861
6/17/1983,-29.6456885
6/18/1983,-29.6993984
6/19/1983,-29.75310829
6/20/1983,-29.80681818
6/21/1983,-29.86052807
6/22/1983,-29.91423797
6/23/1983,-29.96794786
6/24/1983,-30.02165775
6/25/1983,-30.07536765
6/26/1983,-30.12907754
6/27/1983,-30.18278743
6/28/1983,-30.23649733
6/29/1983,-30.29020722
6/30/1983,-30.34391711
7/1/1983,-30.39762701
7/2/1983,-30.4513369
7/3/1983,-30.50504679
7/4/1983,-30.55875668
7/5/1983,-30.61246658
7/6/1983,-30.66617647
7/7/1983,-30.71988636
7/8/1983,-30.77359626
7/9/1983,-30.82730615
7/10/1983,-30.88101604
7/11/1983,-30.93472594
7/12/1983,-30.98843583
7/13/1983,-31.04214572
7/14/1983,-31.09585561
7/15/1983,-31.14956551
7/16/1983,-31.2032754
7/17/1983,-31.25698529
7/18/1983,-31.31069519
7/19/1983,-31.36440508
7/20/1983,-31.41811497
7/21/1983,-31.47182487
7/22/1983,-31.52553476
7/23/1983,-31.57924465
7/24/1983,-31.63295455
7/25/1983,-31.68666444
7/26/1983,-31.74037433
7/27/1983,-31.79408422
7/28/1983,-31.84779412
7/29/1983,-31.90150401
7/30/1983,-31.9552139
7/31/1983,-32.0089238
8/1/1983,-32.06263369
8/2/1983,-32.11634358
8/3/1983,-32.17005348
8/4/1983,-32.22376337
8/5/1983,-32.27747326
8/6/1983,-32.33118316
8/7/1983,-32.38489305
8/8/1983,-32.43860294
8/9/1983,-32.49231283
8/10/1983,-32.54602273
8/11/1983,-32.59973262
8/12/1983,-32.65344251
8/13/1983,-32.70715241
8/14/1983,-32.7608623
8/15/1983,-32.81457219
8/16/1983,-32.86828209
8/17/1983,-32.92199198
8/18/1983,-32.97570187
8/19/1983,-33.02941176
8/20/1983,-33.08312166
8/21/1983,-33.13683155
8/22/1983,-33.19054144
8/23/1983,-33.24425134
8/24/1983,-33.29796123
8/25/1983,-33.35167112
8/26/1983,-33.40538102
8/27/1983,-33.45909091
8/28/1983,-33.5128008
8/29/1983,-33.5665107
8/30/1983,-33.62022059
8/31/1983,-33.67393048
9/1/1983,-33.72764037
9/2/1983,-33.78135027
9/3/1983,-33.83506016
9/4/1983,-33.88877005
9/5/1983,-33.94247995
9/6/1983,-33.99618984
9/7/1983,-34.04989973
9/8/1983,-34.10360963
9/9/1983,-34.15731952
9/10/1983,-34.21102941
9/11/1983,-34.2647393
9/12/1983,-34.3184492
9/13/1983,-34.37215909
9/14/1983,-34.42586898
9/15/1983,-34.47957888
9/16/1983,-34.53328877
9/17/1983,-34.58699866
9/18/1983,-34.64070856
9/19/1983,-34.69441845
9/20/1983,-34.74812834
9/21/1983,-34.80183824
9/22/1983,-34.85554813
9/23/1983,-34.90925802
9/24/1983,-34.96296791
9/25/1983,-35.01667781
9/26/1983,-35.0703877
9/27/1983,-35.12409759
9/28/1983,-35.17780749
9/29/1983,-35.23151738
9/30/1983,-35.28522727
10/1/1983,-35.33893717
10/2/1983,-35.39264706
10/3/1983,-35.44635695
10/4/1983,-35.50006684
10/5/1983,-35.55377674
10/6/1983,-35.60748663
10/7/1983,-35.66119652
10/8/1983,-35.71490642
10/9/1983,-35.76861631
10/10/1983,-35.8223262
10/11/1983,-35.8760361
10/12/1983,-35.92974599
10/13/1983,-35.98345588
10/14/1983,-36.03716578
10/15/1983,-36.09087567
10/16/1983,-36.14458556
10/17/1983,-36.19829545
10/18/1983,-36.25200535
10/19/1983,-36.30571524
10/20/1983,-36.35942513
10/21/1983,-36.41313503
10/22/1983,-36.46684492
10/23/1983,-36.52055481
10/24/1983,-36.57426471
10/25/1983,-36.6279746
10/26/1983,-36.68168449
10/27/1983,-36.73539439
10/28/1983,-36.78910428
10/29/1983,-36.84281417
10/30/1983,-36.89652406
10/31/1983,-36.95023396
11/1/1983,-37.00394385
11/2/1983,-37.05765374
11/3/1983,-37.11136364
11/4/1983,-37.16507353
11/5/1983,-37.21878342
11/6/1983,-37.27249332
11/7/1983,-37.32620321
11/8/1983,-37.3799131
11/9/1983,-37.43362299
11/10/1983,-37.48733289
11/11/1983,-37.54104278
11/12/1983,-37.59475267
11/13/1983,-37.64846257
11/14/1983,-37.70217246
11/15/1983,-37.75588235
11/16/1983,-37.80959225
11/17/1983,-37.86330214
11/18/1983,-37.91701203
11/19/1983,-37.97072193
11/20/1983,-38.02443182
11/21/1983,-38.07814171
11/22/1983,-38.1318516
11/23/1983,-38.1855615
11/24/1983,-38.23927139
11/25/1983,-38.29298128
11/26/1983,-38.34669118
11/27/1983,-38.40040107
11/28/1983,-38.45411096
11/29/1983,-38.50782086
11/30/1983,-38.56153075
12/1/1983,-38.61524064
12/2/1983,-38.66895053
12/3/1983,-38.72266043
12/4/1983,-38.77637032
12/5/1983,-38.83008021
12/6/1983,-38.88379011
12/7/1983,-38.9375
12/8/1983,-38.99120989
12/9/1983,-39.04491979
12/10/1983,-39.09862968
12/11/1983,-39.15233957
12/12/1983,-39.20604947
12/13/1983,-39.25975936
12/14/1983,-39.31346925
12/15/1983,-39.36717914
12/16/1983,-39.42088904
12/17/1983,-39.47459893
12/18/1983,-39.52830882
12/19/1983,-39.58201872
12/20/1983,-39.63572861
12/21/1983,-39.6894385
12/22/1983,-39.7431484
12/23/1983,-39.79685829
12/24/1983,-39.85056818
12/25/1983,-39.90427807
12/26/1983,-39.95798797
12/27/1983,-40.01169786
12/28/1983,-40.06540775
12/29/1983,-40.11911765
12/30/1983,-40.17282754
12/31/1983,-40.22653743
1/1/1984,-40.28024733
1/2/1984,-40.33395722
1/3/1984,-40.38766711
1/4/1984,-40.44137701
1/5/1984,-40.4950869
1/6/1984,-40.54879679
1/7/1984,-40.60250668
1/8/1984,-40.65621658
1/9/1984,-40.70992647
1/10/1984,-40.76363636
1/11/1984,-40.81734626
1/12/1984,-40.87105615
1/13/1984,-40.92476604
1/14/1984,-40.97847594
1/15/1984,-41.03218583
1/16/1984,-41.08589572
1/17/1984,-41.13960561
1/18/1984,-41.19331551
1/19/1984,-41.2470254
1/20/1984,-41.30073529
1/21/1984,-41.35444519
1/22/1984,-41.40815508
1/23/1984,-41.46186497
1/24/1984,-41.51557487
1/25/1984,-41.56928476
1/26/1984,-41.62299465
1/27/1984,-41.67670455
1/28/1984,-41.73041444
1/29/1984,-41.78412433
1/30/1984,-41.83783422
1/31/1984,-41.89154412
2/1/1984,-41.94525401
2/2/1984,-41.9989639
2/3/1984,-42.0526738
2/4/1984,-42.10638369
2/5/1984,-42.16009358
2/6/1984,-42.21380348
2/7/1984,-42.26751337
2/8/1984,-42.32122326
2/9/1984,-42.37493316
2/10/1984,-42.42864305
2/11/1984,-42.48235294
2/12/1984,-42.53606283
2/13/1984,-42.58977273
2/14/1984,-42.64348262
2/15/1984,-42.69719251
2/16/1984,-42.75090241
2/17/1984,-42.8046123
2/18/1984,-42.85832219
2/19/1984,-42.91203209
2/20/1984,-42.96574198
2/21/1984,-43.01945187
2/22/1984,-43.07316176
2/23/1984,-43.12687166
2/24/1984,-43.18058155
2/25/1984,-43.23429144
2/26/1984,-43.28800134
2/27/1984,-43.34171123
2/28/1984,-43.39542112
2/29/1984,-43.44913102
3/1/1984,-43.50284091
3/2/1984,-43.5565508
3/3/1984,-43.6102607
3/4/1984,-43.66397059
3/5/1984,-43.71768048
3/6/1984,-43.77139037
3/7/1984,-43.82510027
3/8/1984,-43.87881016
3/9/1984,-43.93252005
3/10/1984,-43.98622995
3/11/1984,-44.03993984
3/12/1984,-44.09364973
3/13/1984,-44.14735963
3/14/1984,-44.20106952
3/15/1984,-44.25477941
3/16/1984,-44.3084893
3/17/1984,-44.3621992
3/18/1984,-44.41590909
3/19/1984,-44.46961898
3/20/1984,-44.52332888
3/21/1984,-44.57703877
3/22/1984,-44.63074866
3/23/1984,-44.68445856
3/24/1984,-44.73816845
3/25/1984,-44.79187834
3/26/1984,-44.84558824
3/27/1984,-44.89929813
3/28/1984,-44.95300802
3/29/1984,-45.00671791
3/30/1984,-45.06042781
3/31/1984,-45.1141377
4/1/1984,-45.16784759
4/2/1984,-45.22155749
4/3/1984,-45.27526738
4/4/1984,-45.32897727
4/5/1984,-45.38268717
4/6/1984,-45.43639706
4/7/1984,-45.49010695
4/8/1984,-45.54381684
4/9/1984,-45.59752674
4/10/1984,-45.65123663
4/11/1984,-45.70494652
4/12/1984,-45.75865642
4/13/1984,-45.81236631
4/14/1984,-45.8660762
4/15/1984,-45.9197861
4/16/1984,-45.97349599
4/17/1984,-46.02720588
4/18/1984,-46.08091578
4/19/1984,-46.13462567
4/20/1984,-46.18833556
4/21/1984,-46.24204545
4/22/1984,-46.29575535
4/23/1984,-46.34946524
4/24/1984,-46.40317513
4/25/1984,-46.45688503
4/26/1984,-46.51059492
4/27/1984,-46.56430481
4/28/1984,-46.61801471
4/29/1984,-46.6717246
4/30/1984,-46.72543449
5/1/1984,-46.77914439
5/2/1984,-46.83285428
5/3/1984,-46.88656417
5/4/1984,-46.94027406
5/5/1984,-46.99398396
5/6/1984,-47.04769385
5/7/1984,-47.10140374
5/8/1984,-47.15511364
5/9/1984,-47.20882353
5/10/1984,-47.26253342
5/11/1984,-47.31624332
5/12/1984,-47.36995321
5/13/1984,-47.4236631
5/14/1984,-47.47737299
5/15/1984,-47.53108289
5/16/1984,-47.58479278
5/17/1984,-47.63850267
5/18/1984,-47.69221257
5/19/1984,-47.74592246
5/20/1984,-47.79963235
5/21/1984,-47.85334225
5/22/1984,-47.90705214
5/23/1984,-47.96076203
5/24/1984,-48.01447193
5/25/1984,-48.06818182
5/26/1984,-48.12189171
5/27/1984,-48.1756016
5/28/1984,-48.2293115
5/29/1984,-48.28302139
5/30/1984,-48.33673128
5/31/1984,-48.39044118
6/1/1984,-48.44415107
6/2/1984,-48.49786096
6/3/1984,-48.55157086
6/4/1984,-48.60528075
6/5/1984,-48.65899064
6/6/1984,-48.71270053
6/7/1984,-48.76641043
6/8/1984,-48.82012032
6/9/1984,-48.87383021
6/10/1984,-48.92754011
6/11/1984,-48.98125
6/12/1984,-49.03495989
6/13/1984,-49.08866979
6/14/1984,-49.14237968
6/15/1984,-49.19608957
6/16/1984,-49.24979947
6/17/1984,-49.30350936
6/18/1984,-49.35721925
6/19/1984,-49.41092914
6/20/1984,-49.46463904
6/21/1984,-49.51834893
6/22/1984,-49.57205882
6/23/1984,-49.62576872
6/24/1984,-49.67947861
6/25/1984,-49.7331885
6/26/1984,-49.7868984
6/27/1984,-49.84060829
6/28/1984,-49.89431818
6/29/1984,-49.94802807
6/30/1984,-50.00173797
7/1/1984,-50.05544786
7/2/1984,-50.10915775
7/3/1984,-50.16286765
7/4/1984,-50.21657754
7/5/1984,-50.27028743
7/6/1984,-50.32399733
7/7/1984,-50.37770722
7/8/1984,-50.43141711
7/9/1984,-50.48512701
7/10/1984,-50.5388369
7/11/1984,-50.59254679
7/12/1984,-50.64625668
7/13/1984,-50.69996658
7/14/1984,-50.75367647
7/15/1984,-50.80738636
7/16/1984,-50.86109626
7/17/1984,-50.91480615
7/18/1984,-50.96851604
7/19/1984,-51.02222594
7/20/1984,-51.07593583
7/21/1984,-51.12964572
7/22/1984,-51.18335561
7/23/1984,-51.23706551
7/24/1984,-51.2907754
7/25/1984,-51.34448529
7/26/1984,-51.39819519
7/27/1984,-51.45190508
7/28/1984,-51.50561497
7/29/1984,-51.55932487
7/30/1984,-51.61303476
7/31/1984,-51.66674465
8/1/1984,-51.72045455
8/2/1984,-51.77416444
8/3/1984,-51.82787433
8/4/1984,-51.88158422
8/5/1984,-51.93529412
8/6/1984,-51.98900401
8/7/1984,-52.0427139
8/8/1984,-52.0964238
8/9/1984,-52.15013369
8/10/1984,-52.20384358
8/11/1984,-52.25755348
8/12/1984,-52.31126337
8/13/1984,-52.36497326
8/14/1984,-52.41868316
8/15/1984,-52.47239305
8/16/1984,-52.52610294
8/17/1984,-52.57981283
8/18/1984,-52.63352273
8/19/1984,-52.68723262
8/20/1984,-52.74094251
8/21/1984,-52.79465241
8/22/1984,-52.8483623
8/23/1984,-52.90207219
8/24/1984,-52.95578209
8/25/1984,-53.00949198
8/26/1984,-53.06320187
8/27/1984,-53.11691176
8/28/1984,-53.17062166
8/29/1984,-53.22433155
8/30/1984,-53.27804144
8/31/1984,-53.33175134
9/1/1984,-53.38546123
9/2/1984,-53.43917112
9/3/1984,-53.49288102
9/4/1984,-53.54659091
9/5/1984,-53.6003008
9/6/1984,-53.6540107
9/7/1984,-53.70772059
9/8/1984,-53.76143048
9/9/1984,-53.81514037
9/10/1984,-53.86885027
9/11/1984,-53.92256016
9/12/1984,-53.97627005
9/13/1984,-54.02997995
9/14/1984,-54.08368984
9/15/1984,-54.13739973
9/16/1984,-54.19110963
9/17/1984,-54.24481952
9/18/1984,-54.29852941
9/19/1984,-54.3522393
9/20/1984,-54.4059492
9/21/1984,-54.45965909
9/22/1984,-54.51336898
9/23/1984,-54.56707888
9/24/1984,-54.62078877
9/25/1984,-54.67449866
9/26/1984,-54.72820856
9/27/1984,-54.78191845
9/28/1984,-54.83562834
9/29/1984,-54.88933824
9/30/1984,-54.94304813
10/1/1984,-54.99675802
10/2/1984,-55.05046791
10/3/1984,-55.10417781
10/4/1984,-55.1578877
10/5/1984,-55.21159759
10/6/1984,-55.26530749
10/7/1984,-55.31901738
10/8/1984,-55.37272727
10/9/1984,-55.42643717
10/10/1984,-55.48014706
10/11/1984,-55.53385695
10/12/1984,-55.58756684
10/13/1984,-55.64127674
10/14/1984,-55.69498663
10/15/1984,-55.74869652
10/16/1984,-55.80240642
10/17/1984,-55.85611631
10/18/1984,-55.9098262
10/19/1984,-55.9635361
10/20/1984,-56.01724599
10/21/1984,-56.07095588
10/22/1984,-56.12466578
10/23/1984,-56.17837567
10/24/1984,-56.23208556
10/25/1984,-56.28579545
10/26/1984,-56.33950535
10/27/1984,-56.39321524
10/28/1984,-56.44692513
10/29/1984,-56.50063503
10/30/1984,-56.55434492
10/31/1984,-56.60805481
11/1/1984,-56.66176471
11/2/1984,-56.7154746
11/3/1984,-56.76918449
11/4/1984,-56.82289439
11/5/1984,-56.87660428
11/6/1984,-56.93031417
11/7/1984,-56.98402406
11/8/1984,-57.03773396
11/9/1984,-57.09144385
11/10/1984,-57.14515374
11/11/1984,-57.19886364
11/12/1984,-57.25257353
11/13/1984,-57.30628342
11/14/1984,-57.35999332
11/15/1984,-57.41370321
11/16/1984,-57.4674131
11/17/1984,-57.52112299
11/18/1984,-57.57483289
11/19/1984,-57.62854278
11/20/1984,-57.68225267
11/21/1984,-57.73596257
11/22/1984,-57.78967246
11/23/1984,-57.84338235
11/24/1984,-57.89709225
11/25/1984,-57.95080214
11/26/1984,-58.00451203
11/27/1984,-58.05822193
11/28/1984,-58.11193182
11/29/1984,-58.16564171
11/30/1984,-58.2193516
12/1/1984,-58.2730615
12/2/1984,-58.32677139
12/3/1984,-58.38048128
12/4/1984,-58.43419118
12/5/1984,-58.48790107
12/6/1984,-58.54161096
12/7/1984,-58.59532086
12/8/1984,-58.64903075
12/9/1984,-58.70274064
12/10/1984,-58.75645053
12/11/1984,-58.81016043
12/12/1984,-58.86387032
12/13/1984,-58.91758021
12/14/1984,-58.97129011
12/15/1984,-59.025
12/16/1984,-59.07870989
12/17/1984,-59.13241979
12/18/1984,-59.18612968
12/19/1984,-59.23983957
12/20/1984,-59.29354947
12/21/1984,-59.34725936
12/22/1984,-59.40096925
12/23/1984,-59.45467914
12/24/1984,-59.50838904
12/25/1984,-59.56209893
12/26/1984,-59.61580882
12/27/1984,-59.66951872
12/28/1984,-59.72322861
12/29/1984,-59.7769385
12/30/1984,-59.8306484
1/1/1985,-59.88435829
1/2/1985,-59.93806818
1/3/1985,-59.99177807
1/4/1985,-60.04548797
1/5/1985,-60.09919786
1/6/1985,-60.15290775
1/7/1985,-60.20661765
1/8/1985,-60.26032754
1/9/1985,-60.31403743
1/10/1985,-60.36774733
1/11/1985,-60.42145722
1/12/1985,-60.47516711
1/13/1985,-60.52887701
1/14/1985,-60.5825869
1/15/1985,-60.63629679
1/16/1985,-60.69000668
1/17/1985,-60.74371658
1/18/1985,-60.79742647
1/19/1985,-60.85113636
1/20/1985,-60.90484626
1/21/1985,-60.95855615
1/22/1985,-61.01226604
1/23/1985,-61.06597594
1/24/1985,-61.11968583
1/25/1985,-61.17339572
1/26/1985,-61.22710561
1/27/1985,-61.28081551
1/28/1985,-61.3345254
1/29/1985,-61.38823529
1/30/1985,-61.44194519
1/31/1985,-61.49565508
2/1/1985,-61.54936497
2/2/1985,-61.60307487
2/3/1985,-61.65678476
2/4/1985,-61.71049465
2/5/1985,-61.76420455
2/6/1985,-61.81791444
2/7/1985,-61.87162433
2/8/1985,-61.92533422
2/9/1985,-61.97904412
2/10/1985,-62.03275401
2/11/1985,-62.0864639
2/12/1985,-62.1401738
2/13/1985,-62.19388369
2/14/1985,-62.24759358
2/15/1985,-62.30130348
2/16/1985,-62.35501337
2/17/1985,-62.40872326
2/18/1985,-62.46243316
2/19/1985,-62.51614305
2/20/1985,-62.56985294
2/21/1985,-62.62356283
2/22/1985,-62.67727273
2/23/1985,-62.73098262
2/24/1985,-62.78469251
2/25/1985,-62.83840241
2/26/1985,-62.8921123
2/27/1985,-62.94582219
2/28/1985,-62.99953209
3/1/1985,-63.05324198
3/2/1985,-63.10695187
3/3/1985,-63.16066176
3/4/1985,-63.21437166
3/5/1985,-63.26808155
3/6/1985,-63.32179144
3/7/1985,-63.37550134
3/8/1985,-63.42921123
3/9/1985,-63.48292112
3/10/1985,-63.53663102
3/11/1985,-63.59034091
3/12/1985,-63.6440508
3/13/1985,-63.6977607
3/14/1985,-63.75147059
3/15/1985,-63.80518048
3/16/1985,-63.85889037
3/17/1985,-63.91260027
3/18/1985,-63.96631016
3/19/1985,-64.02002005
3/20/1985,-64.07372995
3/21/1985,-64.12743984
3/22/1985,-64.18114973
3/23/1985,-64.23485963
3/24/1985,-64.28856952
3/25/1985,-64.34227941
3/26/1985,-64.3959893
3/27/1985,-64.4496992
3/28/1985,-64.50340909
3/29/1985,-64.55711898
3/30/1985,-64.61082888
3/31/1985,-64.66453877
4/1/1985,-64.71824866
4/2/1985,-64.77195856
4/3/1985,-64.82566845
4/4/1985,-64.87937834
4/5/1985,-64.93308824
4/6/1985,-64.98679813
4/7/1985,-65.04050802
4/8/1985,-65.09421791
4/9/1985,-65.14792781
4/10/1985,-65.2016377
4/11/1985,-65.25534759
4/12/1985,-65.30905749
4/13/1985,-65.36276738
4/14/1985,-65.41647727
4/15/1985,-65.47018717
4/16/1985,-65.52389706
4/17/1985,-65.57760695
4/18/1985,-65.63131684
4/19/1985,-65.68502674
4/20/1985,-65.73873663
4/21/1985,-65.79244652
4/22/1985,-65.84615642
4/23/1985,-65.89986631
4/24/1985,-65.9535762
4/25/1985,-66.0072861
4/26/1985,-66.06099599
4/27/1985,-66.11470588
4/28/1985,-66.16841578
4/29/1985,-66.22212567
4/30/1985,-66.27583556
5/1/1985,-66.32954545
5/2/1985,-66.38325535
5/3/1985,-66.43696524
5/4/1985,-66.49067513
5/5/1985,-66.54438503
5/6/1985,-66.59809492
5/7/1985,-66.65180481
5/8/1985,-66.70551471
5/9/1985,-66.7592246
5/10/1985,-66.81293449
5/11/1985,-66.86664439
5/12/1985,-66.92035428
5/13/1985,-66.97406417
5/14/1985,-67.02777406
5/15/1985,-67.08148396
5/16/1985,-67.13519385
5/17/1985,-67.18890374
5/18/1985,-67.24261364
5/19/1985,-67.29632353
5/20/1985,-67.35003342
5/21/1985,-67.40374332
5/22/1985,-67.45745321
5/23/1985,-67.5111631
5/24/1985,-67.56487299
5/25/1985,-67.61858289
5/26/1985,-67.67229278
5/27/1985,-67.72600267
5/28/1985,-67.77971257
5/29/1985,-67.83342246
5/30/1985,-67.88713235
5/31/1985,-67.94084225
6/1/1985,-67.99455214
6/2/1985,-68.04826203
6/3/1985,-68.10197193
6/4/1985,-68.15568182
6/5/1985,-68.20939171
6/6/1985,-68.2631016
6/7/1985,-68.3168115
6/8/1985,-68.37052139
6/9/1985,-68.42423128
6/10/1985,-68.47794118
6/11/1985,-68.53165107
6/12/1985,-68.58536096
6/13/1985,-68.63907086
6/14/1985,-68.69278075
6/15/1985,-68.74649064
6/16/1985,-68.80020053
6/17/1985,-68.85391043
6/18/1985,-68.90762032
6/19/1985,-68.96133021
6/20/1985,-69.01504011
6/21/1985,-69.06875
6/22/1985,-69.12245989
6/23/1985,-69.17616979
6/24/1985,-69.22987968
6/25/1985,-69.28358957
6/26/1985,-69.33729947
6/27/1985,-69.39100936
6/28/1985,-69.44471925
6/29/1985,-69.49842914
6/30/1985,-69.55213904
7/1/1985,-69.60584893
7/2/1985,-69.65955882
7/3/1985,-69.71326872
7/4/1985,-69.76697861
7/5/1985,-69.8206885
7/6/1985,-69.8743984
7/7/1985,-69.92810829
7/8/1985,-69.98181818
7/9/1985,-70.03552807
7/10/1985,-70.08923797
7/11/1985,-70.14294786
7/12/1985,-70.19665775
7/13/1985,-70.25036765
7/14/1985,-70.30407754
7/15/1985,-70.35778743
7/16/1985,-70.41149733
7/17/1985,-70.46520722
7/18/1985,-70.51891711
7/19/1985,-70.57262701
7/20/1985,-70.6263369
7/21/1985,-70.68004679
7/22/1985,-70.73375668
7/23/1985,-70.78746658
7/24/1985,-70.84117647
7/25/1985,-70.89488636
7/26/1985,-70.94859626
7/27/1985,-71.00230615
7/28/1985,-71.05601604
7/29/1985,-71.10972594
7/30/1985,-71.16343583
7/31/1985,-71.21714572
8/1/1985,-71.27085561
8/2/1985,-71.32456551
8/3/1985,-71.3782754
8/4/1985,-71.43198529
8/5/1985,-71.48569519
8/6/1985,-71.53940508
8/7/1985,-71.59311497
8/8/1985,-71.64682487
8/9/1985,-71.70053476
8/10/1985,-71.75424465
8/11/1985,-71.80795455
8/12/1985,-71.86166444
8/13/1985,-71.91537433
8/14/1985,-71.96908422
8/15/1985,-72.02279412
8/16/1985,-72.07650401
8/17/1985,-72.1302139
8/18/1985,-72.1839238
8/19/1985,-72.23763369
8/20/1985,-72.29134358
8/21/1985,-72.34505348
8/22/1985,-72.39876337
8/23/1985,-72.45247326
8/24/1985,-72.50618316
8/25/1985,-72.55989305
8/26/1985,-72.61360294
8/27/1985,-72.66731283
8/28/1985,-72.72102273
8/29/1985,-72.77473262
8/30/1985,-72.82844251
8/31/1985,-72.88215241
9/1/1985,-72.9358623
9/2/1985,-72.98957219
9/3/1985,-73.04328209
9/4/1985,-73.09699198
9/5/1985,-73.15070187
9/6/1985,-73.20441176
9/7/1985,-73.25812166
9/8/1985,-73.31183155
9/9/1985,-73.36554144
9/10/1985,-73.41925134
9/11/1985,-73.47296123
9/12/1985,-73.52667112
9/13/1985,-73.58038102
9/14/1985,-73.63409091
9/15/1985,-73.6878008
9/16/1985,-73.7415107
9/17/1985,-73.79522059
9/18/1985,-73.84893048
9/19/1985,-73.90264037
9/20/1985,-73.95635027
9/21/1985,-74.01006016
9/22/1985,-74.06377005
9/23/1985,-74.11747995
9/24/1985,-74.17118984
9/25/1985,-74.22489973
9/26/1985,-74.27860963
9/27/1985,-74.33231952
9/28/1985,-74.38602941
9/29/1985,-74.4397393
9/30/1985,-74.4934492
10/1/1985,-74.54715909
10/2/1985,-74.60086898
10/3/1985,-74.65457888
10/4/1985,-74.70828877
10/5/1985,-74.76199866
10/6/1985,-74.81570856
10/7/1985,-74.86941845
10/8/1985,-74.92312834
10/9/1985,-74.97683824
10/10/1985,-75.03054813
10/11/1985,-75.08425802
10/12/1985,-75.13796791
10/13/1985,-75.19167781
10/14/1985,-75.2453877
10/15/1985,-75.29909759
10/16/1985,-75.35280749
10/17/1985,-75.40651738
10/18/1985,-75.46022727
10/19/1985,-75.51393717
10/20/1985,-75.56764706
10/21/1985,-75.62135695
10/22/1985,-75.67506684
10/23/1985,-75.72877674
10/24/1985,-75.78248663
10/25/1985,-75.83619652
10/26/1985,-75.88990642
10/27/1985,-75.94361631
10/28/1985,-75.9973262
10/29/1985,-76.0510361
10/30/1985,-76.10474599
10/31/1985,-76.15845588
11/1/1985,-76.21216578
11/2/1985,-76.26587567
11/3/1985,-76.31958556
11/4/1985,-76.37329545
11/5/1985,-76.42700535
11/6/1985,-76.48071524
11/7/1985,-76.53442513
11/8/1985,-76.58813503
11/9/1985,-76.64184492
11/10/1985,-76.69555481
11/11/1985,-76.74926471
11/12/1985,-76.8029746
11/13/1985,-76.85668449
11/14/1985,-76.91039439
11/15/1985,-76.96410428
11/16/1985,-77.01781417
11/17/1985,-77.07152406
11/18/1985,-77.12523396
11/19/1985,-77.17894385
11/20/1985,-77.23265374
11/21/1985,-77.28636364
11/22/1985,-77.34007353
11/23/1985,-77.39378342
11/24/1985,-77.44749332
11/25/1985,-77.50120321
11/26/1985,-77.5549131
11/27/1985,-77.60862299
11/28/1985,-77.66233289
11/29/1985,-77.71604278
11/30/1985,-77.76975267
12/1/1985,-77.82346257
12/2/1985,-77.87717246
12/3/1985,-77.93088235
12/4/1985,-77.98459225
12/5/1985,-78.03830214
12/6/1985,-78.09201203
12/7/1985,-78.14572193
12/8/1985,-78.19943182
12/9/1985,-78.25314171
12/10/1985,-78.3068516
12/11/1985,-78.3605615
12/12/1985,-78.41427139
12/13/1985,-78.46798128
12/14/1985,-78.52169118
12/15/1985,-78.57540107
12/16/1985,-78.62911096
12/17/1985,-78.68282086
12/18/1985,-78.73653075
12/19/1985,-78.79024064
12/20/1985,-78.84395053
12/21/1985,-78.89766043
12/22/1985,-78.95137032
12/23/1985,-79.00508021
12/24/1985,-79.05879011
12/25/1985,-79.1125
12/26/1985,-79.16620989
12/27/1985,-79.21991979
12/28/1985,-79.27362968
12/29/1985,-79.32733957
12/30/1985,-79.38104947
12/31/1985,-79.43475936
1/1/1986,-79.48846925
1/2/1986,-79.54217914
1/3/1986,-79.59588904
1/4/1986,-79.64959893
1/5/1986,-79.70330882
1/6/1986,-79.75701872
1/7/1986,-79.81072861
1/8/1986,-79.8644385
1/9/1986,-79.9181484
1/10/1986,-79.97185829
1/11/1986,-80.02556818
1/12/1986,-80.07927807
1/13/1986,-80.13298797
1/14/1986,-80.18669786
1/15/1986,-80.24040775
1/16/1986,-80.29411765
1/17/1986,-80.34782754
1/18/1986,-80.40153743
1/19/1986,-80.45524733
1/20/1986,-80.50895722
1/21/1986,-80.56266711
1/22/1986,-80.61637701
1/23/1986,-80.6700869
1/24/1986,-80.72379679
1/25/1986,-80.77750668
1/26/1986,-80.83121658
1/27/1986,-80.88492647
1/28/1986,-80.93863636
1/29/1986,-80.99234626
1/30/1986,-81.04605615
1/31/1986,-81.09976604
2/1/1986,-81.15347594
2/2/1986,-81.20718583
2/3/1986,-81.26089572
2/4/1986,-81.31460561
2/5/1986,-81.36831551
2/6/1986,-81.4220254
2/7/1986,-81.47573529
2/8/1986,-81.52944519
2/9/1986,-81.58315508
2/10/1986,-81.63686497
2/11/1986,-81.69057487
2/12/1986,-81.74428476
2/13/1986,-81.79799465
2/14/1986,-81.85170455
2/15/1986,-81.90541444
2/16/1986,-81.95912433
2/17/1986,-82.01283422
2/18/1986,-82.06654412
2/19/1986,-82.12025401
2/20/1986,-82.1739639
2/21/1986,-82.2276738
2/22/1986,-82.28138369
2/23/1986,-82.33509358
2/24/1986,-82.38880348
2/25/1986,-82.44251337
2/26/1986,-82.49622326
2/27/1986,-82.54993316
2/28/1986,-82.60364305
3/1/1986,-82.65735294
3/2/1986,-82.71106283
3/3/1986,-82.76477273
3/4/1986,-82.81848262
3/5/1986,-82.87219251
3/6/1986,-82.92590241
3/7/1986,-82.9796123
3/8/1986,-83.03332219
3/9/1986,-83.08703209
3/10/1986,-83.14074198
3/11/1986,-83.19445187
3/12/1986,-83.24816176
3/13/1986,-83.30187166
3/14/1986,-83.35558155
3/15/1986,-83.40929144
3/16/1986,-83.46300134
3/17/1986,-83.51671123
3/18/1986,-83.57042112
3/19/1986,-83.62413102
3/20/1986,-83.67784091
3/21/1986,-83.7315508
3/22/1986,-83.7852607
3/23/1986,-83.83897059
3/24/1986,-83.89268048
3/25/1986,-83.94639037
3/26/1986,-84.00010027
3/27/1986,-84.05381016
3/28/1986,-84.10752005
3/29/1986,-84.16122995
3/30/1986,-84.21493984
3/31/1986,-84.26864973
4/1/1986,-84.32235963
4/2/1986,-84.37606952
4/3/1986,-84.42977941
4/4/1986,-84.4834893
4/5/1986,-84.5371992
4/6/1986,-84.59090909
4/7/1986,-84.64461898
4/8/1986,-84.69832888
4/9/1986,-84.75203877
4/10/1986,-84.80574866
4/11/1986,-84.85945856
4/12/1986,-84.91316845
4/13/1986,-84.96687834
4/14/1986,-85.02058824
4/15/1986,-85.07429813
4/16/1986,-85.12800802
4/17/1986,-85.18171791
4/18/1986,-85.23542781
4/19/1986,-85.2891377
4/20/1986,-85.34284759
4/21/1986,-85.39655749
4/22/1986,-85.45026738
4/23/1986,-85.50397727
4/24/1986,-85.55768717
4/25/1986,-85.61139706
4/26/1986,-85.66510695
4/27/1986,-85.71881684
4/28/1986,-85.77252674
4/29/1986,-85.82623663
4/30/1986,-85.87994652
5/1/1986,-85.93365642
5/2/1986,-85.98736631
5/3/1986,-86.0410762
5/4/1986,-86.0947861
5/5/1986,-86.14849599
5/6/1986,-86.20220588
5/7/1986,-86.25591578
5/8/1986,-86.30962567
5/9/1986,-86.36333556
5/10/1986,-86.41704545
5/11/1986,-86.47075535
5/12/1986,-86.52446524
5/13/1986,-86.57817513
5/14/1986,-86.63188503
5/15/1986,-86.68559492
5/16/1986,-86.73930481
5/17/1986,-86.79301471
5/18/1986,-86.8467246
5/19/1986,-86.90043449
5/20/1986,-86.95414439
5/21/1986,-87.00785428
5/22/1986,-87.06156417
5/23/1986,-87.11527406
5/24/1986,-87.16898396
5/25/1986,-87.22269385
5/26/1986,-87.27640374
5/27/1986,-87.33011364
5/28/1986,-87.38382353
5/29/1986,-87.43753342
5/30/1986,-87.49124332
5/31/1986,-87.54495321
6/1/1986,-87.5986631
6/2/1986,-87.65237299
6/3/1986,-87.70608289
6/4/1986,-87.75979278
6/5/1986,-87.81350267
6/6/1986,-87.86721257
6/7/1986,-87.92092246
6/8/1986,-87.97463235
6/9/1986,-88.02834225
6/10/1986,-88.08205214
6/11/1986,-88.13576203
6/12/1986,-88.18947193
6/13/1986,-88.24318182
6/14/1986,-88.29689171
6/15/1986,-88.3506016
6/16/1986,-88.4043115
6/17/1986,-88.45802139
6/18/1986,-88.51173128
6/19/1986,-88.56544118
6/20/1986,-88.61915107
6/21/1986,-88.67286096
6/22/1986,-88.72657086
6/23/1986,-88.78028075
6/24/1986,-88.83399064
6/25/1986,-88.88770053
6/26/1986,-88.94141043
6/27/1986,-88.99512032
6/28/1986,-89.04883021
6/29/1986,-89.10254011
6/30/1986,-89.15625
7/1/1986,-89.20995989
7/2/1986,-89.26366979
7/3/1986,-89.31737968
7/4/1986,-89.37108957
7/5/1986,-89.42479947
7/6/1986,-89.47850936
7/7/1986,-89.53221925
7/8/1986,-89.58592914
7/9/1986,-89.63963904
7/10/1986,-89.69334893
7/11/1986,-89.74705882
7/12/1986,-89.80076872
7/13/1986,-89.85447861
7/14/1986,-89.9081885
7/15/1986,-89.9618984
7/16/1986,-90.01560829
7/17/1986,-90.06931818
7/18/1986,-90.12302807
7/19/1986,-90.17673797
7/20/1986,-90.23044786
7/21/1986,-90.28415775
7/22/1986,-90.33786765
7/23/1986,-90.39157754
7/24/1986,-90.44528743
7/25/1986,-90.49899733
7/26/1986,-90.55270722
7/27/1986,-90.60641711
7/28/1986,-90.66012701
7/29/1986,-90.7138369
7/30/1986,-90.76754679
7/31/1986,-90.82125668
8/1/1986,-90.87496658
8/2/1986,-90.92867647
8/3/1986,-90.98238636
8/4/1986,-91.03609626
8/5/1986,-91.08980615
8/6/1986,-91.14351604
8/7/1986,-91.19722594
8/8/1986,-91.25093583
8/9/1986,-91.30464572
8/10/1986,-91.35835561
8/11/1986,-91.41206551
8/12/1986,-91.4657754
8/13/1986,-91.51948529
8/14/1986,-91.57319519
8/15/1986,-91.62690508
8/16/1986,-91.68061497
8/17/1986,-91.73432487
8/18/1986,-91.78803476
8/19/1986,-91.84174465
8/20/1986,-91.89545455
8/21/1986,-91.94916444
8/22/1986,-92.00287433
8/23/1986,-92.05658422
8/24/1986,-92.11029412
8/25/1986,-92.16400401
8/26/1986,-92.2177139
8/27/1986,-92.2714238
8/28/1986,-92.32513369
8/29/1986,-92.37884358
8/30/1986,-92.43255348
8/31/1986,-92.48626337
9/1/1986,-92.53997326
9/2/1986,-92.59368316
9/3/1986,-92.64739305
9/4/1986,-92.70110294
9/5/1986,-92.75481283
9/6/1986,-92.80852273
9/7/1986,-92.86223262
9/8/1986,-92.91594251
9/9/1986,-92.96965241
9/10/1986,-93.0233623
9/11/1986,-93.07707219
9/12/1986,-93.13078209
9/13/1986,-93.18449198
9/14/1986,-93.23820187
9/15/1986,-93.29191176
9/16/1986,-93.34562166
9/17/1986,-93.39933155
9/18/1986,-93.45304144
9/19/1986,-93.50675134
9/20/1986,-93.56046123
9/21/1986,-93.61417112
9/22/1986,-93.66788102
9/23/1986,-93.72159091
9/24/1986,-93.7753008
9/25/1986,-93.8290107
9/26/1986,-93.88272059
9/27/1986,-93.93643048
9/28/1986,-93.99014037
9/29/1986,-94.04385027
9/30/1986,-94.09756016
10/1/1986,-94.15127005
10/2/1986,-94.20497995
10/3/1986,-94.25868984
10/4/1986,-94.31239973
10/5/1986,-94.36610963
10/6/1986,-94.41981952
10/7/1986,-94.47352941
10/8/1986,-94.5272393
10/9/1986,-94.5809492
10/10/1986,-94.63465909
10/11/1986,-94.68836898
10/12/1986,-94.74207888
10/13/1986,-94.79578877
10/14/1986,-94.84949866
10/15/1986,-94.90320856
10/16/1986,-94.95691845
10/17/1986,-95.01062834
10/18/1986,-95.06433824
10/19/1986,-95.11804813
10/20/1986,-95.17175802
10/21/1986,-95.22546791
10/22/1986,-95.27917781
10/23/1986,-95.3328877
10/24/1986,-95.38659759
10/25/1986,-95.44030749
10/26/1986,-95.49401738
10/27/1986,-95.54772727
10/28/1986,-95.60143717
10/29/1986,-95.65514706
10/30/1986,-95.70885695
10/31/1986,-95.76256684
11/1/1986,-95.81627674
11/2/1986,-95.86998663
11/3/1986,-95.92369652
11/4/1986,-95.97740642
11/5/1986,-96.03111631
11/6/1986,-96.0848262
11/7/1986,-96.1385361
11/8/1986,-96.19224599
11/9/1986,-96.24595588
11/10/1986,-96.29966578
11/11/1986,-96.35337567
11/12/1986,-96.40708556
11/13/1986,-96.46079545
11/14/1986,-96.51450535
11/15/1986,-96.56821524
11/16/1986,-96.62192513
11/17/1986,-96.67563503
11/18/1986,-96.72934492
11/19/1986,-96.78305481
11/20/1986,-96.83676471
11/21/1986,-96.8904746
11/22/1986,-96.94418449
11/23/1986,-96.99789439
11/24/1986,-97.05160428
11/25/1986,-97.10531417
11/26/1986,-97.15902406
11/27/1986,-97.21273396
11/28/1986,-97.26644385
11/29/1986,-97.32015374
11/30/1986,-97.37386364
12/1/1986,-97.42757353
12/2/1986,-97.48128342
12/3/1986,-97.53499332
12/4/1986,-97.58870321
12/5/1986,-97.6424131
12/6/1986,-97.69612299
12/7/1986,-97.74983289
12/8/1986,-97.80354278
12/9/1986,-97.85725267
12/10/1986,-97.91096257
12/11/1986,-97.96467246
12/12/1986,-98.01838235
12/13/1986,-98.07209225
12/14/1986,-98.12580214
12/15/1986,-98.17951203
12/16/1986,-98.23322193
12/17/1986,-98.28693182
12/18/1986,-98.34064171
12/19/1986,-98.3943516
12/20/1986,-98.4480615
12/21/1986,-98.50177139
12/22/1986,-98.55548128
12/23/1986,-98.60919118
12/24/1986,-98.66290107
12/25/1986,-98.71661096
12/26/1986,-98.77032086
12/27/1986,-98.82403075
12/28/1986,-98.87774064
12/29/1986,-98.93145053
12/30/1986,-98.98516043
12/31/1986,-99.03887032
1/1/1987,-99.09258021
1/2/1987,-99.14629011
1/3/1987,-99.2
1/4/1987,-99.25370989
1/5/1987,-99.30741979
1/6/1987,-99.36112968
1/7/1987,-99.41483957
1/8/1987,-99.46854947
1/9/1987,-99.52225936
1/10/1987,-99.57596925
1/11/1987,-99.62967914
1/12/1987,-99.68338904
1/13/1987,-99.73709893
1/14/1987,-99.79080882
1/15/1987,-99.84451872
1/16/1987,-99.89822861
1/17/1987,-99.9519385
1/18/1987,-100.0056484
1/19/1987,-100.0593583
1/20/1987,-100.1130682
1/21/1987,-100.1667781
1/22/1987,-100.220488
1/23/1987,-100.2741979
1/24/1987,-100.3279078
1/25/1987,-100.3816176
1/26/1987,-100.4353275
1/27/1987,-100.4890374
1/28/1987,-100.5427473
1/29/1987,-100.5964572
1/30/1987,-100.6501671
1/31/1987,-100.703877
2/1/1987,-100.7575869
2/2/1987,-100.8112968
2/3/1987,-100.8650067
2/4/1987,-100.9187166
2/5/1987,-100.9724265
2/6/1987,-101.0261364
2/7/1987,-101.0798463
2/8/1987,-101.1335561
2/9/1987,-101.187266
2/10/1987,-101.2409759
2/11/1987,-101.2946858
2/12/1987,-101.3483957
2/13/1987,-101.4021056
2/14/1987,-101.4558155
2/15/1987,-101.5095254
2/16/1987,-101.5632353
2/17/1987,-101.6169452
2/18/1987,-101.6706551
2/19/1987,-101.724365
2/20/1987,-101.7780749
2/21/1987,-101.8317848
2/22/1987,-101.8854947
2/23/1987,-101.9392045
2/24/1987,-101.9929144
2/25/1987,-102.0466243
2/26/1987,-102.1003342
2/27/1987,-102.1540441
2/28/1987,-102.207754
3/1/1987,-102.2614639
3/2/1987,-102.3151738
3/3/1987,-102.3688837
3/4/1987,-102.4225936
3/5/1987,-102.4763035
3/6/1987,-102.5300134
3/7/1987,-102.5837233
3/8/1987,-102.6374332
3/9/1987,-102.691143
3/10/1987,-102.7448529
3/11/1987,-102.7985628
3/12/1987,-102.8522727
3/13/1987,-102.9059826
3/14/1987,-102.9596925
3/15/1987,-103.0134024
3/16/1987,-103.0671123
3/17/1987,-103.1208222
3/18/1987,-103.1745321
3/19/1987,-103.228242
3/20/1987,-103.2819519
3/21/1987,-103.3356618
3/22/1987,-103.3893717
3/23/1987,-103.4430816
3/24/1987,-103.4967914
3/25/1987,-103.5505013
3/26/1987,-103.6042112
3/27/1987,-103.6579211
3/28/1987,-103.711631
3/29/1987,-103.7653409
3/30/1987,-103.8190508
3/31/1987,-103.8727607
4/1/1987,-103.9264706
4/2/1987,-103.9801805
4/3/1987,-104.0338904
4/4/1987,-104.0876003
4/5/1987,-104.1413102
4/6/1987,-104.1950201
4/7/1987,-104.2487299
4/8/1987,-104.3024398
4/9/1987,-104.3561497
4/10/1987,-104.4098596
4/11/1987,-104.4635695
4/12/1987,-104.5172794
4/13/1987,-104.5709893
4/14/1987,-104.6246992
4/15/1987,-104.6784091
4/16/1987,-104.732119
4/17/1987,-104.7858289
4/18/1987,-104.8395388
4/19/1987,-104.8932487
4/20/1987,-104.9469586
4/21/1987,-105.0006684
4/22/1987,-105.0543783
4/23/1987,-105.1080882
4/24/1987,-105.1617981
4/25/1987,-105.215508
4/26/1987,-105.2692179
4/27/1987,-105.3229278
4/28/1987,-105.3766377
4/29/1987,-105.4303476
4/30/1987,-105.4840575
5/1/1987,-105.5377674
5/2/1987,-105.5914773
5/3/1987,-105.6451872
5/4/1987,-105.6988971
5/5/1987,-105.752607
5/6/1987,-105.8063168
5/7/1987,-105.8600267
5/8/1987,-105.9137366
5/9/1987,-105.9674465
5/10/1987,-106.0211564
5/11/1987,-106.0748663
5/12/1987,-106.1285762
5/13/1987,-106.1822861
5/14/1987,-106.235996
5/15/1987,-106.2897059
5/16/1987,-106.3434158
5/17/1987,-106.3971257
5/18/1987,-106.4508356
5/19/1987,-106.5045455
5/20/1987,-106.5582553
5/21/1987,-106.6119652
5/22/1987,-106.6656751
5/23/1987,-106.719385
5/24/1987,-106.7730949
5/25/1987,-106.8268048
5/26/1987,-106.8805147
5/27/1987,-106.9342246
5/28/1987,-106.9879345
5/29/1987,-107.0416444
5/30/1987,-107.0953543
5/31/1987,-107.1490642
6/1/1987,-107.2027741
6/2/1987,-107.256484
6/3/1987,-107.3101939
6/4/1987,-107.3639037
6/5/1987,-107.4176136
6/6/1987,-107.4713235
6/7/1987,-107.5250334
6/8/1987,-107.5787433
6/9/1987,-107.6324532
6/10/1987,-107.6861631
6/11/1987,-107.739873
6/12/1987,-107.7935829
6/13/1987,-107.8472928
6/14/1987,-107.9010027
6/15/1987,-107.9547126
6/16/1987,-108.0084225
6/17/1987,-108.0621324
6/18/1987,-108.1158422
6/19/1987,-108.1695521
6/20/1987,-108.223262
6/21/1987,-108.2769719
6/22/1987,-108.3306818
6/23/1987,-108.3843917
6/24/1987,-108.4381016
6/25/1987,-108.4918115
6/26/1987,-108.5455214
6/27/1987,-108.5992313
6/28/1987,-108.6529412
6/29/1987,-108.7066511
6/30/1987,-108.760361
7/1/1987,-108.8140709
7/2/1987,-108.8677807
7/3/1987,-108.9214906
7/4/1987,-108.9752005
7/5/1987,-109.0289104
7/6/1987,-109.0826203
7/7/1987,-109.1363302
7/8/1987,-109.1900401
7/9/1987,-109.24375
7/10/1987,-109.2974599
7/11/1987,-109.3511698
7/12/1987,-109.4048797
7/13/1987,-109.4585896
7/14/1987,-109.5122995
7/15/1987,-109.5660094
7/16/1987,-109.6197193
7/17/1987,-109.6734291
7/18/1987,-109.727139
7/19/1987,-109.7808489
7/20/1987,-109.8345588
7/21/1987,-109.8882687
7/22/1987,-109.9419786
7/23/1987,-109.9956885
7/24/1987,-110.0493984
7/25/1987,-110.1031083
7/26/1987,-110.1568182
7/27/1987,-110.2105281
7/28/1987,-110.264238
7/29/1987,-110.3179479
7/30/1987,-110.3716578
7/31/1987,-110.4253676
8/1/1987,-110.4790775
8/2/1987,-110.5327874
8/3/1987,-110.5864973
8/4/1987,-110.6402072
8/5/1987,-110.6939171
8/6/1987,-110.747627
8/7/1987,-110.8013369
8/8/1987,-110.8550468
8/9/1987,-110.9087567
8/10/1987,-110.9624666
8/11/1987,-111.0161765
8/12/1987,-111.0698864
8/13/1987,-111.1235963
8/14/1987,-111.1773061
8/15/1987,-111.231016
8/16/1987,-111.2847259
8/17/1987,-111.3384358
8/18/1987,-111.3921457
8/19/1987,-111.4458556
8/20/1987,-111.4995655
8/21/1987,-111.5532754
8/22/1987,-111.6069853
8/23/1987,-111.6606952
8/24/1987,-111.7144051
8/25/1987,-111.768115
8/26/1987,-111.8218249
8/27/1987,-111.8755348
8/28/1987,-111.9292447
8/29/1987,-111.9829545
8/30/1987,-112.0366644
8/31/1987,-112.0903743
9/1/1987,-112.1440842
9/2/1987,-112.1977941
9/3/1987,-112.251504
9/4/1987,-112.3052139
9/5/1987,-112.3589238
9/6/1987,-112.4126337
9/7/1987,-112.4663436
9/8/1987,-112.5200535
9/9/1987,-112.5737634
9/10/1987,-112.6274733
9/11/1987,-112.6811832
9/12/1987,-112.734893
9/13/1987,-112.7886029
9/14/1987,-112.8423128
9/15/1987,-112.8960227
9/16/1987,-112.9497326
9/17/1987,-113.0034425
9/18/1987,-113.0571524
9/19/1987,-113.1108623
9/20/1987,-113.1645722
9/21/1987,-113.2182821
9/22/1987,-113.271992
9/23/1987,-113.3257019
9/24/1987,-113.3794118
9/25/1987,-113.4331217
9/26/1987,-113.4868316
9/27/1987,-113.5405414
9/28/1987,-113.5942513
9/29/1987,-113.6479612
9/30/1987,-113.7016711
10/1/1987,-113.755381
10/2/1987,-113.8090909
10/3/1987,-113.8628008
10/4/1987,-113.9165107
10/5/1987,-113.9702206
10/6/1987,-114.0239305
10/7/1987,-114.0776404
10/8/1987,-114.1313503
10/9/1987,-114.1850602
10/10/1987,-114.2387701
10/11/1987,-114.2924799
10/12/1987,-114.3461898
10/13/1987,-114.3998997
10/14/1987,-114.4536096
10/15/1987,-114.5073195
10/16/1987,-114.5610294
10/17/1987,-114.6147393
10/18/1987,-114.6684492
10/19/1987,-114.7221591
10/20/1987,-114.775869
10/21/1987,-114.8295789
10/22/1987,-114.8832888
10/23/1987,-114.9369987
10/24/1987,-114.9907086
10/25/1987,-115.0444184
10/26/1987,-115.0981283
10/27/1987,-115.1518382
10/28/1987,-115.2055481
10/29/1987,-115.259258
10/30/1987,-115.3129679
10/31/1987,-115.3666778
11/1/1987,-115.4203877
11/2/1987,-115.4740976
11/3/1987,-115.5278075
11/4/1987,-115.5815174
11/5/1987,-115.6352273
11/6/1987,-115.6889372
11/7/1987,-115.7426471
11/8/1987,-115.796357
11/9/1987,-115.8500668
11/10/1987,-115.9037767
11/11/1987,-115.9574866
11/12/1987,-116.0111965
11/13/1987,-116.0649064
11/14/1987,-116.1186163
11/15/1987,-116.1723262
11/16/1987,-116.2260361
11/17/1987,-116.279746
11/18/1987,-116.3334559
11/19/1987,-116.3871658
11/20/1987,-116.4408757
11/21/1987,-116.4945856
11/22/1987,-116.5482955
11/23/1987,-116.6020053
11/24/1987,-116.6557152
11/25/1987,-116.7094251
11/26/1987,-116.763135
11/27/1987,-116.8168449
11/28/1987,-116.8705548
11/29/1987,-116.9242647
11/30/1987,-116.9779746
12/1/1987,-117.0316845
12/2/1987,-117.0853944
12/3/1987,-117.1391043
12/4/1987,-117.1928142
12/5/1987,-117.2465241
12/6/1987,-117.300234
12/7/1987,-117.3539439
12/8/1987,-117.4076537
12/9/1987,-117.4613636
12/10/1987,-117.5150735
12/11/1987,-117.5687834
12/12/1987,-117.6224933
12/13/1987,-117.6762032
12/14/1987,-117.7299131
12/15/1987,-117.783623
12/16/1987,-117.8373329
12/17/1987,-117.8910428
12/18/1987,-117.9447527
12/19/1987,-117.9984626
12/20/1987,-118.0521725
12/21/1987,-118.1058824
12/22/1987,-118.1595922
12/23/1987,-118.2133021
12/24/1987,-118.267012
12/25/1987,-118.3207219
12/26/1987,-118.3744318
12/27/1987,-118.4281417
12/28/1987,-118.4818516
12/29/1987,-118.5355615
12/30/1987,-118.5892714
12/31/1987,-118.6429813
1/1/1988,-118.6966912
1/2/1988,-118.7504011
1/3/1988,-118.804111
1/4/1988,-118.8578209
1/5/1988,-118.9115307
1/6/1988,-118.9652406
1/7/1988,-119.0189505
1/8/1988,-119.0726604
1/9/1988,-119.1263703
1/10/1988,-119.1800802
1/11/1988,-119.2337901
1/12/1988,-119.2875
1/13/1988,-119.3412099
1/14/1988,-119.3949198
1/15/1988,-119.4486297
1/16/1988,-119.5023396
1/17/1988,-119.5560495
1/18/1988,-119.6097594
1/19/1988,-119.6634693
1/20/1988,-119.7171791
1/21/1988,-119.770889
1/22/1988,-119.8245989
1/23/1988,-119.8783088
1/24/1988,-119.9320187
1/25/1988,-119.9857286
1/26/1988,-120.0394385
1/27/1988,-120.0931484
1/28/1988,-120.1468583
1/29/1988,-120.2005682
1/30/1988,-120.2542781
1/31/1988,-120.307988
2/1/1988,-120.3616979
2/2/1988,-120.4154078
2/3/1988,-120.4691176
2/4/1988,-120.5228275
2/5/1988,-120.5765374
2/6/1988,-120.6302473
2/7/1988,-120.6839572
2/8/1988,-120.7376671
2/9/1988,-120.791377
2/10/1988,-120.8450869
2/11/1988,-120.8987968
2/12/1988,-120.9525067
2/13/1988,-121.0062166
2/14/1988,-121.0599265
2/15/1988,-121.1136364
2/16/1988,-121.1673463
2/17/1988,-121.2210561
2/18/1988,-121.274766
2/19/1988,-121.3284759
2/20/1988,-121.3821858
2/21/1988,-121.4358957
2/22/1988,-121.4896056
2/23/1988,-121.5433155
2/24/1988,-121.5970254
2/25/1988,-121.6507353
2/26/1988,-121.7044452
2/27/1988,-121.7581551
2/28/1988,-121.811865
2/29/1988,-121.8655749
3/1/1988,-121.9192848
3/2/1988,-121.9729947
3/3/1988,-122.0267045
3/4/1988,-122.0804144
3/5/1988,-122.1341243
3/6/1988,-122.1878342
3/7/1988,-122.2415441
3/8/1988,-122.295254
3/9/1988,-122.3489639
3/10/1988,-122.4026738
3/11/1988,-122.4563837
3/12/1988,-122.5100936
3/13/1988,-122.5638035
3/14/1988,-122.6175134
3/15/1988,-122.6712233
3/16/1988,-122.7249332
3/17/1988,-122.778643
3/18/1988,-122.8323529
3/19/1988,-122.8860628
3/20/1988,-122.9397727
3/21/1988,-122.9934826
3/22/1988,-123.0471925
3/23/1988,-123.1009024
3/24/1988,-123.1546123
3/25/1988,-123.2083222
3/26/1988,-123.2620321
3/27/1988,-123.315742
3/28/1988,-123.3694519
3/29/1988,-123.4231618
3/30/1988,-123.4768717
3/31/1988,-123.5305816
4/1/1988,-123.5842914
4/2/1988,-123.6380013
4/3/1988,-123.6917112
4/4/1988,-123.7454211
4/5/1988,-123.799131
4/6/1988,-123.8528409
4/7/1988,-123.9065508
4/8/1988,-123.9602607
4/9/1988,-124.0139706
4/10/1988,-124.0676805
4/11/1988,-124.1213904
4/12/1988,-124.1751003
4/13/1988,-124.2288102
4/14/1988,-124.2825201
4/15/1988,-124.3362299
4/16/1988,-124.3899398
4/17/1988,-124.4436497
4/18/1988,-124.4973596
4/19/1988,-124.5510695
4/20/1988,-124.6047794
4/21/1988,-124.6584893
4/22/1988,-124.7121992
4/23/1988,-124.7659091
4/24/1988,-124.819619
4/25/1988,-124.8733289
4/26/1988,-124.9270388
4/27/1988,-124.9807487
4/28/1988,-125.0344586
4/29/1988,-125.0881684
4/30/1988,-125.1418783
5/1/1988,-125.1955882
5/2/1988,-125.2492981
5/3/1988,-125.303008
5/4/1988,-125.3567179
5/5/1988,-125.4104278
5/6/1988,-125.4641377
5/7/1988,-125.5178476
5/8/1988,-125.5715575
5/9/1988,-125.6252674
5/10/1988,-125.6789773
5/11/1988,-125.7326872
5/12/1988,-125.7863971
5/13/1988,-125.840107
5/14/1988,-125.8938168
5/15/1988,-125.9475267
5/16/1988,-126.0012366
5/17/1988,-126.0549465
5/18/1988,-126.1086564
5/19/1988,-126.1623663
5/20/1988,-126.2160762
5/21/1988,-126.2697861
5/22/1988,-126.323496
5/23/1988,-126.3772059
5/24/1988,-126.4309158
5/25/1988,-126.4846257
5/26/1988,-126.5383356
5/27/1988,-126.5920455
5/28/1988,-126.6457553
5/29/1988,-126.6994652
5/30/1988,-126.7531751
5/31/1988,-126.806885
6/1/1988,-126.8605949
6/2/1988,-126.9143048
6/3/1988,-126.9680147
6/4/1988,-127.0217246
6/5/1988,-127.0754345
6/6/1988,-127.1291444
6/7/1988,-127.1828543
6/8/1988,-127.2365642
6/9/1988,-127.2902741
6/10/1988,-127.343984
6/11/1988,-127.3976939
6/12/1988,-127.4514037
6/13/1988,-127.5051136
6/14/1988,-127.5588235
6/15/1988,-127.6125334
6/16/1988,-127.6662433
6/17/1988,-127.7199532
6/18/1988,-127.7736631
6/19/1988,-127.827373
6/20/1988,-127.8810829
6/21/1988,-127.9347928
6/22/1988,-127.9885027
6/23/1988,-128.0422126
6/24/1988,-128.0959225
6/25/1988,-128.1496324
6/26/1988,-128.2033422
6/27/1988,-128.2570521
6/28/1988,-128.310762
6/29/1988,-128.3644719
6/30/1988,-128.4181818
7/1/1988,-128.4718917
7/2/1988,-128.5256016
7/3/1988,-128.5793115
7/4/1988,-128.6330214
7/5/1988,-128.6867313
7/6/1988,-128.7404412
7/7/1988,-128.7941511
7/8/1988,-128.847861
7/9/1988,-128.9015709
7/10/1988,-128.9552807
7/11/1988,-129.0089906
7/12/1988,-129.0627005
7/13/1988,-129.1164104
7/14/1988,-129.1701203
7/15/1988,-129.2238302
7/16/1988,-129.2775401
7/17/1988,-129.33125
7/18/1988,-129.3849599
7/19/1988,-129.4386698
7/20/1988,-129.4923797
7/21/1988,-129.5460896
7/22/1988,-129.5997995
7/23/1988,-129.6535094
7/24/1988,-129.7072193
7/25/1988,-129.7609291
7/26/1988,-129.814639
7/27/1988,-129.8683489
7/28/1988,-129.9220588
7/29/1988,-129.9757687
7/30/1988,-130.0294786
7/31/1988,-130.0831885
8/1/1988,-130.1368984
8/2/1988,-130.1906083
8/3/1988,-130.2443182
8/4/1988,-130.2980281
8/5/1988,-130.351738
8/6/1988,-130.4054479
8/7/1988,-130.4591578
8/8/1988,-130.5128676
8/9/1988,-130.5665775
8/10/1988,-130.6202874
8/11/1988,-130.6739973
8/12/1988,-130.7277072
8/13/1988,-130.7814171
8/14/1988,-130.835127
8/15/1988,-130.8888369
8/16/1988,-130.9425468
8/17/1988,-130.9962567
8/18/1988,-131.0499666
8/19/1988,-131.1036765
8/20/1988,-131.1573864
8/21/1988,-131.2110963
8/22/1988,-131.2648061
8/23/1988,-131.318516
8/24/1988,-131.3722259
8/25/1988,-131.4259358
8/26/1988,-131.4796457
8/27/1988,-131.5333556
8/28/1988,-131.5870655
8/29/1988,-131.6407754
8/30/1988,-131.6944853
8/31/1988,-131.7481952
9/1/1988,-131.8019051
9/2/1988,-131.855615
9/3/1988,-131.9093249
9/4/1988,-131.9630348
9/5/1988,-132.0167447
9/6/1988,-132.0704545
9/7/1988,-132.1241644
9/8/1988,-132.1778743
9/9/1988,-132.2315842
9/10/1988,-132.2852941
9/11/1988,-132.339004
9/12/1988,-132.3927139
9/13/1988,-132.4464238
9/14/1988,-132.5001337
9/15/1988,-132.5538436
9/16/1988,-132.6075535
9/17/1988,-132.6612634
9/18/1988,-132.7149733
9/19/1988,-132.7686832
9/20/1988,-132.822393
9/21/1988,-132.8761029
9/22/1988,-132.9298128
9/23/1988,-132.9835227
9/24/1988,-133.0372326
9/25/1988,-133.0909425
9/26/1988,-133.1446524
9/27/1988,-133.1983623
9/28/1988,-133.2520722
9/29/1988,-133.3057821
9/30/1988,-133.359492
10/1/1988,-133.4132019
10/2/1988,-133.4669118
10/3/1988,-133.5206217
10/4/1988,-133.5743316
10/5/1988,-133.6280414
10/6/1988,-133.6817513
10/7/1988,-133.7354612
10/8/1988,-133.7891711
10/9/1988,-133.842881
10/10/1988,-133.8965909
10/11/1988,-133.9503008
10/12/1988,-134.0040107
10/13/1988,-134.0577206
10/14/1988,-134.1114305
10/15/1988,-134.1651404
10/16/1988,-134.2188503
10/17/1988,-134.2725602
10/18/1988,-134.3262701
10/19/1988,-134.3799799
10/20/1988,-134.4336898
10/21/1988,-134.4873997
10/22/1988,-134.5411096
10/23/1988,-134.5948195
10/24/1988,-134.6485294
10/25/1988,-134.7022393
10/26/1988,-134.7559492
10/27/1988,-134.8096591
10/28/1988,-134.863369
10/29/1988,-134.9170789
10/30/1988,-134.9707888
10/31/1988,-135.0244987
11/1/1988,-135.0782086
11/2/1988,-135.1319184
11/3/1988,-135.1856283
11/4/1988,-135.2393382
11/5/1988,-135.2930481
11/6/1988,-135.346758
11/7/1988,-135.4004679
11/8/1988,-135.4541778
11/9/1988,-135.5078877
11/10/1988,-135.5615976
11/11/1988,-135.6153075
11/12/1988,-135.6690174
11/13/1988,-135.7227273
11/14/1988,-135.7764372
11/15/1988,-135.8301471
11/16/1988,-135.883857
11/17/1988,-135.9375668
11/18/1988,-135.9912767
11/19/1988,-136.0449866
11/20/1988,-136.0986965
11/21/1988,-136.1524064
11/22/1988,-136.2061163
11/23/1988,-136.2598262
11/24/1988,-136.3135361
11/25/1988,-136.367246
11/26/1988,-136.4209559
11/27/1988,-136.4746658
11/28/1988,-136.5283757
11/29/1988,-136.5820856
11/30/1988,-136.6357955
12/1/1988,-136.6895053
12/2/1988,-136.7432152
12/3/1988,-136.7969251
12/4/1988,-136.850635
12/5/1988,-136.9043449
12/6/1988,-136.9580548
12/7/1988,-137.0117647
12/8/1988,-137.0654746
12/9/1988,-137.1191845
12/10/1988,-137.1728944
12/11/1988,-137.2266043
12/12/1988,-137.2803142
12/13/1988,-137.3340241
12/14/1988,-137.387734
12/15/1988,-137.4414439
12/16/1988,-137.4951537
12/17/1988,-137.5488636
12/18/1988,-137.6025735
12/19/1988,-137.6562834
12/20/1988,-137.7099933
12/21/1988,-137.7637032
12/22/1988,-137.8174131
12/23/1988,-137.871123
12/24/1988,-137.9248329
12/25/1988,-137.9785428
12/26/1988,-138.0322527
12/27/1988,-138.0859626
12/28/1988,-138.1396725
12/29/1988,-138.1933824
12/30/1988,-138.2470922
1/1/1989,-138.3008021
1/2/1989,-138.354512
1/3/1989,-138.4082219
1/4/1989,-138.4619318
1/5/1989,-138.5156417
1/6/1989,-138.5693516
1/7/1989,-138.6230615
1/8/1989,-138.6767714
1/9/1989,-138.7304813
1/10/1989,-138.7841912
1/11/1989,-138.8379011
1/12/1989,-138.891611
1/13/1989,-138.9453209
1/14/1989,-138.9990307
1/15/1989,-139.0527406
1/16/1989,-139.1064505
1/17/1989,-139.1601604
1/18/1989,-139.2138703
1/19/1989,-139.2675802
1/20/1989,-139.3212901
1/21/1989,-139.375
1/22/1989,-139.4287099
1/23/1989,-139.4824198
1/24/1989,-139.5361297
1/25/1989,-139.5898396
1/26/1989,-139.6435495
1/27/1989,-139.6972594
1/28/1989,-139.7509693
1/29/1989,-139.8046791
1/30/1989,-139.858389
1/31/1989,-139.9120989
2/1/1989,-139.9658088
2/2/1989,-140.0195187
2/3/1989,-140.0732286
2/4/1989,-140.1269385
2/5/1989,-140.1806484
2/6/1989,-140.2343583
2/7/1989,-140.2880682
2/8/1989,-140.3417781
2/9/1989,-140.395488
2/10/1989,-140.4491979
2/11/1989,-140.5029078
2/12/1989,-140.5566176
2/13/1989,-140.6103275
2/14/1989,-140.6640374
2/15/1989,-140.7177473
2/16/1989,-140.7714572
2/17/1989,-140.8251671
2/18/1989,-140.878877
2/19/1989,-140.9325869
2/20/1989,-140.9862968
2/21/1989,-141.0400067
2/22/1989,-141.0937166
2/23/1989,-141.1474265
2/24/1989,-141.2011364
2/25/1989,-141.2548463
2/26/1989,-141.3085561
2/27/1989,-141.362266
2/28/1989,-141.4159759
3/1/1989,-141.4696858
3/2/1989,-141.5233957
3/3/1989,-141.5771056
3/4/1989,-141.6308155
3/5/1989,-141.6845254
3/6/1989,-141.7382353
3/7/1989,-141.7919452
3/8/1989,-141.8456551
3/9/1989,-141.899365
3/10/1989,-141.9530749
3/11/1989,-142.0067848
3/12/1989,-142.0604947
3/13/1989,-142.1142045
3/14/1989,-142.1679144
3/15/1989,-142.2216243
3/16/1989,-142.2753342
3/17/1989,-142.3290441
3/18/1989,-142.382754
3/19/1989,-142.4364639
3/20/1989,-142.4901738
3/21/1989,-142.5438837
3/22/1989,-142.5975936
3/23/1989,-142.6513035
3/24/1989,-142.7050134
3/25/1989,-142.7587233
3/26/1989,-142.8124332
3/27/1989,-142.866143
3/28/1989,-142.9198529
3/29/1989,-142.9735628
3/30/1989,-143.0272727
3/31/1989,-143.0809826
4/1/1989,-143.1346925
4/2/1989,-143.1884024
4/3/1989,-143.2421123
4/4/1989,-143.2958222
4/5/1989,-143.3495321
4/6/1989,-143.403242
4/7/1989,-143.4569519
4/8/1989,-143.5106618
4/9/1989,-143.5643717
4/10/1989,-143.6180816
4/11/1989,-143.6717914
4/12/1989,-143.7255013
4/13/1989,-143.7792112
4/14/1989,-143.8329211
4/15/1989,-143.886631
4/16/1989,-143.9403409
4/17/1989,-143.9940508
4/18/1989,-144.0477607
4/19/1989,-144.1014706
4/20/1989,-144.1551805
4/21/1989,-144.2088904
4/22/1989,-144.2626003
4/23/1989,-144.3163102
4/24/1989,-144.3700201
4/25/1989,-144.4237299
4/26/1989,-144.4774398
4/27/1989,-144.5311497
4/28/1989,-144.5848596
4/29/1989,-144.6385695
4/30/1989,-144.6922794
5/1/1989,-144.7459893
5/2/1989,-144.7996992
5/3/1989,-144.8534091
5/4/1989,-144.907119
5/5/1989,-144.9608289
5/6/1989,-145.0145388
5/7/1989,-145.0682487
5/8/1989,-145.1219586
5/9/1989,-145.1756684
5/10/1989,-145.2293783
5/11/1989,-145.2830882
5/12/1989,-145.3367981
5/13/1989,-145.390508
5/14/1989,-145.4442179
5/15/1989,-145.4979278
5/16/1989,-145.5516377
5/17/1989,-145.6053476
5/18/1989,-145.6590575
5/19/1989,-145.7127674
5/20/1989,-145.7664773
5/21/1989,-145.8201872
5/22/1989,-145.8738971
5/23/1989,-145.927607
5/24/1989,-145.9813168
5/25/1989,-146.0350267
5/26/1989,-146.0887366
5/27/1989,-146.1424465
5/28/1989,-146.1961564
5/29/1989,-146.2498663
5/30/1989,-146.3035762
5/31/1989,-146.3572861
6/1/1989,-146.410996
6/2/1989,-146.4647059
6/3/1989,-146.5184158
6/4/1989,-146.5721257
6/5/1989,-146.6258356
6/6/1989,-146.6795455
6/7/1989,-146.7332553
6/8/1989,-146.7869652
6/9/1989,-146.8406751
6/10/1989,-146.894385
6/11/1989,-146.9480949
6/12/1989,-147.0018048
6/13/1989,-147.0555147
6/14/1989,-147.1092246
6/15/1989,-147.1629345
6/16/1989,-147.2166444
6/17/1989,-147.2703543
6/18/1989,-147.3240642
6/19/1989,-147.3777741
6/20/1989,-147.431484
6/21/1989,-147.4851939
6/22/1989,-147.5389037
6/23/1989,-147.5926136
6/24/1989,-147.6463235
6/25/1989,-147.7000334
6/26/1989,-147.7537433
6/27/1989,-147.8074532
6/28/1989,-147.8611631
6/29/1989,-147.914873
6/30/1989,-147.9685829
7/1/1989,-148.0222928
7/2/1989,-148.0760027
7/3/1989,-148.1297126
7/4/1989,-148.1834225
7/5/1989,-148.2371324
7/6/1989,-148.2908422
7/7/1989,-148.3445521
7/8/1989,-148.398262
7/9/1989,-148.4519719
7/10/1989,-148.5056818
7/11/1989,-148.5593917
7/12/1989,-148.6131016
7/13/1989,-148.6668115
7/14/1989,-148.7205214
7/15/1989,-148.7742313
7/16/1989,-148.8279412
7/17/1989,-148.8816511
7/18/1989,-148.935361
7/19/1989,-148.9890709
7/20/1989,-149.0427807
7/21/1989,-149.0964906
7/22/1989,-149.1502005
7/23/1989,-149.2039104
7/24/1989,-149.2576203
7/25/1989,-149.3113302
7/26/1989,-149.3650401
7/27/1989,-149.41875
7/28/1989,-149.4724599
7/29/1989,-149.5261698
7/30/1989,-149.5798797
7/31/1989,-149.6335896
8/1/1989,-149.6872995
8/2/1989,-149.7410094
8/3/1989,-149.7947193
8/4/1989,-149.8484291
8/5/1989,-149.902139
8/6/1989,-149.9558489
8/7/1989,-150.0095588
8/8/1989,-150.0632687
8/9/1989,-150.1169786
8/10/1989,-150.1706885
8/11/1989,-150.2243984
8/12/1989,-150.2781083
8/13/1989,-150.3318182
8/14/1989,-150.3855281
8/15/1989,-150.439238
8/16/1989,-150.4929479
8/17/1989,-150.5466578
8/18/1989,-150.6003676
8/19/1989,-150.6540775
8/20/1989,-150.7077874
8/21/1989,-150.7614973
8/22/1989,-150.8152072
8/23/1989,-150.8689171
8/24/1989,-150.922627
8/25/1989,-150.9763369
8/26/1989,-151.0300468
8/27/1989,-151.0837567
8/28/1989,-151.1374666
8/29/1989,-151.1911765
8/30/1989,-151.2448864
8/31/1989,-151.2985963
9/1/1989,-151.3523061
9/2/1989,-151.406016
9/3/1989,-151.4597259
9/4/1989,-151.5134358
9/5/1989,-151.5671457
9/6/1989,-151.6208556
9/7/1989,-151.6745655
9/8/1989,-151.7282754
9/9/1989,-151.7819853
9/10/1989,-151.8356952
9/11/1989,-151.8894051
9/12/1989,-151.943115
9/13/1989,-151.9968249
9/14/1989,-152.0505348
9/15/1989,-152.1042447
9/16/1989,-152.1579545
9/17/1989,-152.2116644
9/18/1989,-152.2653743
9/19/1989,-152.3190842
9/20/1989,-152.3727941
9/21/1989,-152.426504
9/22/1989,-152.4802139
9/23/1989,-152.5339238
9/24/1989,-152.5876337
9/25/1989,-152.6413436
9/26/1989,-152.6950535
9/27/1989,-152.7487634
9/28/1989,-152.8024733
9/29/1989,-152.8561832
9/30/1989,-152.909893
10/1/1989,-152.9636029
10/2/1989,-153.0173128
10/3/1989,-153.0710227
10/4/1989,-153.1247326
10/5/1989,-153.1784425
10/6/1989,-153.2321524
10/7/1989,-153.2858623
10/8/1989,-153.3395722
10/9/1989,-153.3932821
10/10/1989,-153.446992
10/11/1989,-153.5007019
10/12/1989,-153.5544118
10/13/1989,-153.6081217
10/14/1989,-153.6618316
10/15/1989,-153.7155414
10/16/1989,-153.7692513
10/17/1989,-153.8229612
10/18/1989,-153.8766711
10/19/1989,-153.930381
10/20/1989,-153.9840909
10/21/1989,-154.0378008
10/22/1989,-154.0915107
10/23/1989,-154.1452206
10/24/1989,-154.1989305
10/25/1989,-154.2526404
10/26/1989,-154.3063503
10/27/1989,-154.3600602
10/28/1989,-154.4137701
10/29/1989,-154.4674799
10/30/1989,-154.5211898
10/31/1989,-154.5748997
11/1/1989,-154.6286096
11/2/1989,-154.6823195
11/3/1989,-154.7360294
11/4/1989,-154.7897393
11/5/1989,-154.8434492
11/6/1989,-154.8971591
11/7/1989,-154.950869
11/8/1989,-155.0045789
11/9/1989,-155.0582888
11/10/1989,-155.1119987
11/11/1989,-155.1657086
11/12/1989,-155.2194184
11/13/1989,-155.2731283
11/14/1989,-155.3268382
11/15/1989,-155.3805481
11/16/1989,-155.434258
11/17/1989,-155.4879679
11/18/1989,-155.5416778
11/19/1989,-155.5953877
11/20/1989,-155.6490976
11/21/1989,-155.7028075
11/22/1989,-155.7565174
11/23/1989,-155.8102273
11/24/1989,-155.8639372
11/25/1989,-155.9176471
11/26/1989,-155.971357
11/27/1989,-156.0250668
11/28/1989,-156.0787767
11/29/1989,-156.1324866
11/30/1989,-156.1861965
12/1/1989,-156.2399064
12/2/1989,-156.2936163
12/3/1989,-156.3473262
12/4/1989,-156.4010361
12/5/1989,-156.454746
12/6/1989,-156.5084559
12/7/1989,-156.5621658
12/8/1989,-156.6158757
12/9/1989,-156.6695856
12/10/1989,-156.7232955
12/11/1989,-156.7770053
12/12/1989,-156.8307152
12/13/1989,-156.8844251
12/14/1989,-156.938135
12/15/1989,-156.9918449
12/16/1989,-157.0455548
12/17/1989,-157.0992647
12/18/1989,-157.1529746
12/19/1989,-157.2066845
12/20/1989,-157.2603944
12/21/1989,-157.3141043
12/22/1989,-157.3678142
12/23/1989,-157.4215241
12/24/1989,-157.475234
12/25/1989,-157.5289439
12/26/1989,-157.5826537
12/27/1989,-157.6363636
12/28/1989,-157.6900735
12/29/1989,-157.7437834
12/30/1989,-157.7974933
12/31/1989,-157.8512032
1/1/1990,-157.9049131
1/2/1990,-157.958623
1/3/1990,-158.0123329
1/4/1990,-158.0660428
1/5/1990,-158.1197527
1/6/1990,-158.1734626
1/7/1990,-158.2271725
1/8/1990,-158.2808824
1/9/1990,-158.3345922
1/10/1990,-158.3883021
1/11/1990,-158.442012
1/12/1990,-158.4957219
1/13/1990,-158.5494318
1/14/1990,-158.6031417
1/15/1990,-158.6568516
1/16/1990,-158.7105615
1/17/1990,-158.7642714
1/18/1990,-158.8179813
1/19/1990,-158.8716912
1/20/1990,-158.9254011
1/21/1990,-158.979111
1/22/1990,-159.0328209
1/23/1990,-159.0865307
1/24/1990,-159.1402406
1/25/1990,-159.1939505
1/26/1990,-159.2476604
1/27/1990,-159.3013703
1/28/1990,-159.3550802
1/29/1990,-159.4087901
1/30/1990,-159.4625
1/31/1990,-159.5162099
2/1/1990,-159.5699198
2/2/1990,-159.6236297
2/3/1990,-159.6773396
2/4/1990,-159.7310495
2/5/1990,-159.7847594
2/6/1990,-159.8384693
2/7/1990,-159.8921791
2/8/1990,-159.945889
2/9/1990,-159.9995989
2/10/1990,-160.0533088
2/11/1990,-160.1070187
2/12/1990,-160.1607286
2/13/1990,-160.2144385
2/14/1990,-160.2681484
2/15/1990,-160.3218583
2/16/1990,-160.3755682
2/17/1990,-160.4292781
2/18/1990,-160.482988
2/19/1990,-160.5366979
2/20/1990,-160.5904078
2/21/1990,-160.6441176
2/22/1990,-160.6978275
2/23/1990,-160.7515374
2/24/1990,-160.8052473
2/25/1990,-160.8589572
2/26/1990,-160.9126671
2/27/1990,-160.966377
2/28/1990,-161.0200869
3/1/1990,-161.0737968
3/2/1990,-161.1275067
3/3/1990,-161.1812166
3/4/1990,-161.2349265
3/5/1990,-161.2886364
3/6/1990,-161.3423463
3/7/1990,-161.3960561
3/8/1990,-161.449766
3/9/1990,-161.5034759
3/10/1990,-161.5571858
3/11/1990,-161.6108957
3/12/1990,-161.6646056
3/13/1990,-161.7183155
3/14/1990,-161.7720254
3/15/1990,-161.8257353
3/16/1990,-161.8794452
3/17/1990,-161.9331551
3/18/1990,-161.986865
3/19/1990,-162.0405749
3/20/1990,-162.0942848
3/21/1990,-162.1479947
3/22/1990,-162.2017045
3/23/1990,-162.2554144
3/24/1990,-162.3091243
3/25/1990,-162.3628342
3/26/1990,-162.4165441
3/27/1990,-162.470254
3/28/1990,-162.5239639
3/29/1990,-162.5776738
3/30/1990,-162.6313837
3/31/1990,-162.6850936
4/1/1990,-162.7388035
4/2/1990,-162.7925134
4/3/1990,-162.8462233
4/4/1990,-162.8999332
4/5/1990,-162.953643
4/6/1990,-163.0073529
4/7/1990,-163.0610628
4/8/1990,-163.1147727
4/9/1990,-163.1684826
4/10/1990,-163.2221925
4/11/1990,-163.2759024
4/12/1990,-163.3296123
4/13/1990,-163.3833222
4/14/1990,-163.4370321
4/15/1990,-163.490742
4/16/1990,-163.5444519
4/17/1990,-163.5981618
4/18/1990,-163.6518717
4/19/1990,-163.7055816
4/20/1990,-163.7592914
4/21/1990,-163.8130013
4/22/1990,-163.8667112
4/23/1990,-163.9204211
4/24/1990,-163.974131
4/25/1990,-164.0278409
4/26/1990,-164.0815508
4/27/1990,-164.1352607
4/28/1990,-164.1889706
4/29/1990,-164.2426805
4/30/1990,-164.2963904
5/1/1990,-164.3501003
5/2/1990,-164.4038102
5/3/1990,-164.4575201
5/4/1990,-164.5112299
5/5/1990,-164.5649398
5/6/1990,-164.6186497
5/7/1990,-164.6723596
5/8/1990,-164.7260695
5/9/1990,-164.7797794
5/10/1990,-164.8334893
5/11/1990,-164.8871992
5/12/1990,-164.9409091
5/13/1990,-164.994619
5/14/1990,-165.0483289
5/15/1990,-165.1020388
5/16/1990,-165.1557487
5/17/1990,-165.2094586
5/18/1990,-165.2631684
5/19/1990,-165.3168783
5/20/1990,-165.3705882
5/21/1990,-165.4242981
5/22/1990,-165.478008
5/23/1990,-165.5317179
5/24/1990,-165.5854278
5/25/1990,-165.6391377
5/26/1990,-165.6928476
5/27/1990,-165.7465575
5/28/1990,-165.8002674
5/29/1990,-165.8539773
5/30/1990,-165.9076872
5/31/1990,-165.9613971
6/1/1990,-166.015107
6/2/1990,-166.0688168
6/3/1990,-166.1225267
6/4/1990,-166.1762366
6/5/1990,-166.2299465
6/6/1990,-166.2836564
6/7/1990,-166.3373663
6/8/1990,-166.3910762
6/9/1990,-166.4447861
6/10/1990,-166.498496
6/11/1990,-166.5522059
6/12/1990,-166.6059158
6/13/1990,-166.6596257
6/14/1990,-166.7133356
6/15/1990,-166.7670455
6/16/1990,-166.8207553
6/17/1990,-166.8744652
6/18/1990,-166.9281751
6/19/1990,-166.981885
6/20/1990,-167.0355949
6/21/1990,-167.0893048
6/22/1990,-167.1430147
6/23/1990,-167.1967246
6/24/1990,-167.2504345
6/25/1990,-167.3041444
6/26/1990,-167.3578543
6/27/1990,-167.4115642
6/28/1990,-167.4652741
6/29/1990,-167.518984
6/30/1990,-167.5726939
7/1/1990,-167.6264037
7/2/1990,-167.6801136
7/3/1990,-167.7338235
7/4/1990,-167.7875334
7/5/1990,-167.8412433
7/6/1990,-167.8949532
7/7/1990,-167.9486631
7/8/1990,-168.002373
7/9/1990,-168.0560829
7/10/1990,-168.1097928
7/11/1990,-168.1635027
7/12/1990,-168.2172126
7/13/1990,-168.2709225
7/14/1990,-168.3246324
7/15/1990,-168.3783422
7/16/1990,-168.4320521
7/17/1990,-168.485762
7/18/1990,-168.5394719
7/19/1990,-168.5931818
7/20/1990,-168.6468917
7/21/1990,-168.7006016
7/22/1990,-168.7543115
7/23/1990,-168.8080214
7/24/1990,-168.8617313
7/25/1990,-168.9154412
7/26/1990,-168.9691511
7/27/1990,-169.022861
7/28/1990,-169.0765709
7/29/1990,-169.1302807
7/30/1990,-169.1839906
7/31/1990,-169.2377005
8/1/1990,-169.2914104
8/2/1990,-169.3451203
8/3/1990,-169.3988302
8/4/1990,-169.4525401
8/5/1990,-169.50625
8/6/1990,-169.5599599
8/7/1990,-169.6136698
8/8/1990,-169.6673797
8/9/1990,-169.7210896
8/10/1990,-169.7747995
8/11/1990,-169.8285094
8/12/1990,-169.8822193
8/13/1990,-169.9359291
8/14/1990,-169.989639
8/15/1990,-170.0433489
8/16/1990,-170.0970588
8/17/1990,-170.1507687
8/18/1990,-170.2044786
8/19/1990,-170.2581885
8/20/1990,-170.3118984
8/21/1990,-170.3656083
8/22/1990,-170.4193182
8/23/1990,-170.4730281
8/24/1990,-170.526738
8/25/1990,-170.5804479
8/26/1990,-170.6341578
8/27/1990,-170.6878676
8/28/1990,-170.7415775
8/29/1990,-170.7952874
8/30/1990,-170.8489973
8/31/1990,-170.9027072
9/1/1990,-170.9564171
9/2/1990,-171.010127
9/3/1990,-171.0638369
9/4/1990,-171.1175468
9/5/1990,-171.1712567
9/6/1990,-171.2249666
9/7/1990,-171.2786765
9/8/1990,-171.3323864
9/9/1990,-171.3860963
9/10/1990,-171.4398061
9/11/1990,-171.493516
9/12/1990,-171.5472259
9/13/1990,-171.6009358
9/14/1990,-171.6546457
9/15/1990,-171.7083556
9/16/1990,-171.7620655
9/17/1990,-171.8157754
9/18/1990,-171.8694853
9/19/1990,-171.9231952
9/20/1990,-171.9769051
9/21/1990,-172.030615
9/22/1990,-172.0843249
9/23/1990,-172.1380348
9/24/1990,-172.1917447
9/25/1990,-172.2454545
9/26/1990,-172.2991644
9/27/1990,-172.3528743
9/28/1990,-172.4065842
9/29/1990,-172.4602941
9/30/1990,-172.514004
10/1/1990,-172.5677139
10/2/1990,-172.6214238
10/3/1990,-172.6751337
10/4/1990,-172.7288436
10/5/1990,-172.7825535
10/6/1990,-172.8362634
10/7/1990,-172.8899733
10/8/1990,-172.9436832
10/9/1990,-172.997393
10/10/1990,-173.0511029
10/11/1990,-173.1048128
10/12/1990,-173.1585227
10/13/1990,-173.2122326
10/14/1990,-173.2659425
10/15/1990,-173.3196524
10/16/1990,-173.3733623
10/17/1990,-173.4270722
10/18/1990,-173.4807821
10/19/1990,-173.534492
10/20/1990,-173.5882019
10/21/1990,-173.6419118
10/22/1990,-173.6956217
10/23/1990,-173.7493316
10/24/1990,-173.8030414
10/25/1990,-173.8567513
10/26/1990,-173.9104612
10/27/1990,-173.9641711
10/28/1990,-174.017881
10/29/1990,-174.0715909
10/30/1990,-174.1253008
10/31/1990,-174.1790107
11/1/1990,-174.2327206
11/2/1990,-174.2864305
11/3/1990,-174.3401404
11/4/1990,-174.3938503
11/5/1990,-174.4475602
11/6/1990,-174.5012701
11/7/1990,-174.5549799
11/8/1990,-174.6086898
11/9/1990,-174.6623997
11/10/1990,-174.7161096
11/11/1990,-174.7698195
11/12/1990,-174.8235294
11/13/1990,-174.8772393
11/14/1990,-174.9309492
11/15/1990,-174.9846591
11/16/1990,-175.038369
11/17/1990,-175.0920789
11/18/1990,-175.1457888
11/19/1990,-175.1994987
11/20/1990,-175.2532086
11/21/1990,-175.3069184
11/22/1990,-175.3606283
11/23/1990,-175.4143382
11/24/1990,-175.4680481
11/25/1990,-175.521758
11/26/1990,-175.5754679
11/27/1990,-175.6291778
11/28/1990,-175.6828877
11/29/1990,-175.7365976
11/30/1990,-175.7903075
12/1/1990,-175.8440174
12/2/1990,-175.8977273
12/3/1990,-175.9514372
12/4/1990,-176.0051471
12/5/1990,-176.058857
12/6/1990,-176.1125668
12/7/1990,-176.1662767
12/8/1990,-176.2199866
12/9/1990,-176.2736965
12/10/1990,-176.3274064
12/11/1990,-176.3811163
12/12/1990,-176.4348262
12/13/1990,-176.4885361
12/14/1990,-176.542246
12/15/1990,-176.5959559
12/16/1990,-176.6496658
12/17/1990,-176.7033757
12/18/1990,-176.7570856
12/19/1990,-176.8107955
12/20/1990,-176.8645053
12/21/1990,-176.9182152
12/22/1990,-176.9719251
12/23/1990,-177.025635
12/24/1990,-177.0793449
12/25/1990,-177.1330548
12/26/1990,-177.1867647
12/27/1990,-177.2404746
12/28/1990,-177.2941845
12/29/1990,-177.3478944
12/30/1990,-177.4016043
12/31/1990,-177.4553142
